CREATE DATABASE  IF NOT EXISTS `miniproject` /*!40100 DEFAULT CHARACTER SET utf8mb4 COLLATE utf8mb4_0900_ai_ci */ /*!80016 DEFAULT ENCRYPTION='N' */;
USE `miniproject`;
-- MySQL dump 10.13  Distrib 8.0.41, for Win64 (x86_64)
--
-- Host: 127.0.0.1    Database: miniproject
-- ------------------------------------------------------
-- Server version	8.0.43

/*!40101 SET @OLD_CHARACTER_SET_CLIENT=@@CHARACTER_SET_CLIENT */;
/*!40101 SET @OLD_CHARACTER_SET_RESULTS=@@CHARACTER_SET_RESULTS */;
/*!40101 SET @OLD_COLLATION_CONNECTION=@@COLLATION_CONNECTION */;
/*!50503 SET NAMES utf8 */;
/*!40103 SET @OLD_TIME_ZONE=@@TIME_ZONE */;
/*!40103 SET TIME_ZONE='+00:00' */;
/*!40014 SET @OLD_UNIQUE_CHECKS=@@UNIQUE_CHECKS, UNIQUE_CHECKS=0 */;
/*!40014 SET @OLD_FOREIGN_KEY_CHECKS=@@FOREIGN_KEY_CHECKS, FOREIGN_KEY_CHECKS=0 */;
/*!40101 SET @OLD_SQL_MODE=@@SQL_MODE, SQL_MODE='NO_AUTO_VALUE_ON_ZERO' */;
/*!40111 SET @OLD_SQL_NOTES=@@SQL_NOTES, SQL_NOTES=0 */;

--
-- Table structure for table `area`
--

DROP TABLE IF EXISTS `area`;
/*!40101 SET @saved_cs_client     = @@character_set_client */;
/*!50503 SET character_set_client = utf8mb4 */;
CREATE TABLE `area` (
  `area_no` int NOT NULL AUTO_INCREMENT,
  `area_name` varchar(255) NOT NULL,
  `center_lat` double NOT NULL,
  `center_lng` double NOT NULL,
  `radius` int NOT NULL,
  `level` smallint NOT NULL,
  `fill_color` varchar(255) NOT NULL,
  PRIMARY KEY (`area_no`)
) ENGINE=InnoDB AUTO_INCREMENT=6 DEFAULT CHARSET=utf8mb4 COLLATE=utf8mb4_0900_ai_ci;
/*!40101 SET character_set_client = @saved_cs_client */;

--
-- Dumping data for table `area`
--

LOCK TABLES `area` WRITE;
/*!40000 ALTER TABLE `area` DISABLE KEYS */;
INSERT INTO `area` VALUES (1,'경기권',36.898757,126.076931,60000,11,'#FF6B6B'),(2,'전라권',34.928493,126.318448,140000,11,'#4ECDC4'),(3,'경상권',35.599159,129.198111,140000,11,'#45B7D1'),(4,'강원권',37.79245,128.856412,80000,11,'#F9C74F'),(5,'제주권',33.400526,126.541543,30000,11,'#9D6B84');
/*!40000 ALTER TABLE `area` ENABLE KEYS */;
UNLOCK TABLES;

--
-- Table structure for table `fish`
--

DROP TABLE IF EXISTS `fish`;
/*!40101 SET @saved_cs_client     = @@character_set_client */;
/*!50503 SET character_set_client = utf8mb4 */;
CREATE TABLE `fish` (
  `fish_no` bigint NOT NULL AUTO_INCREMENT,
  `name` varchar(255) DEFAULT NULL,
  `last_scr` double NOT NULL,
  `tdv_hr_scr` double NOT NULL,
  `total_index` varchar(255) NOT NULL,
  `location_no` bigint NOT NULL,
  `weather_no` bigint NOT NULL,
  PRIMARY KEY (`fish_no`),
  KEY `FK9152gs088ffklh5wym2k21qlm` (`location_no`),
  KEY `FK4l0vf73dpupare7uii7y8fdyr` (`weather_no`),
  CONSTRAINT `FK4l0vf73dpupare7uii7y8fdyr` FOREIGN KEY (`weather_no`) REFERENCES `weather` (`weather_no`),
  CONSTRAINT `FK9152gs088ffklh5wym2k21qlm` FOREIGN KEY (`location_no`) REFERENCES `location` (`location_no`)
) ENGINE=InnoDB AUTO_INCREMENT=1961 DEFAULT CHARSET=utf8mb4 COLLATE=utf8mb4_0900_ai_ci;
/*!40101 SET character_set_client = @saved_cs_client */;

--
-- Dumping data for table `fish`
--

LOCK TABLES `fish` WRITE;
/*!40000 ALTER TABLE `fish` DISABLE KEYS */;
INSERT INTO `fish` VALUES (1,'감성돔',70.5,40,'보통',1,1),(2,'기타어종',77.32,0,'보통',1,1),(3,'농어',73.65,40,'보통',1,1),(4,'돌돔',72.74,100,'보통',1,1),(5,'우럭',71.21,40,'보통',1,1),(6,'참돔',69.81,40,'보통',1,1),(7,'감성돔',72.97,40,'보통',1,2),(8,'기타어종',80.63,0,'보통',1,2),(9,'농어',76.12,40,'보통',1,2),(10,'돌돔',75.21,100,'보통',1,2),(11,'우럭',73.68,40,'보통',1,2),(12,'참돔',72.28,40,'보통',1,2),(13,'감성돔',81.84,40,'좋음',2,3),(14,'기타어종',88.34,0,'좋음',2,3),(15,'농어',83.01,40,'좋음',2,3),(16,'벵에돔',83.01,40,'좋음',2,3),(17,'볼락',79.01,40,'좋음',2,3),(18,'열기',79.01,40,'좋음',2,3),(19,'우럭',79.01,40,'좋음',2,3),(20,'참돔',80.93,40,'좋음',2,3),(21,'감성돔',83.33,40,'좋음',2,4),(22,'기타어종',92,0,'매우좋음',2,4),(23,'농어',84.38,40,'좋음',2,4),(24,'벵에돔',84.38,40,'좋음',2,4),(25,'볼락',83.36,40,'좋음',2,4),(26,'열기',83.13,40,'좋음',2,4),(27,'우럭',83.36,40,'좋음',2,4),(28,'참돔',82.41,40,'좋음',2,4),(29,'감성돔',89.49,40,'매우좋음',3,5),(30,'기타어종',96.91,0,'매우좋음',3,5),(31,'농어',91.94,40,'매우좋음',3,5),(32,'돌돔',91.1,100,'매우좋음',3,5),(33,'벵에돔',91.62,40,'매우좋음',3,5),(34,'볼락',88.41,40,'매우좋음',3,5),(35,'우럭',88.41,40,'매우좋음',3,5),(36,'참돔',88.72,40,'매우좋음',3,5),(37,'감성돔',84.66,40,'좋음',3,6),(38,'기타어종',92.14,0,'매우좋음',3,6),(39,'농어',86.3,40,'매우좋음',3,6),(40,'돌돔',84.32,100,'좋음',3,6),(41,'벵에돔',86.3,40,'매우좋음',3,6),(42,'볼락',82.3,40,'좋음',3,6),(43,'우럭',82.3,40,'좋음',3,6),(44,'참돔',83.81,40,'좋음',3,6),(45,'감성돔',73.26,40,'보통',4,7),(46,'기타어종',84.73,0,'좋음',4,7),(47,'농어',73.26,40,'보통',4,7),(48,'우럭',72.65,40,'보통',4,7),(49,'감성돔',73.87,40,'보통',4,8),(50,'기타어종',87.64,0,'좋음',4,8),(51,'농어',73.87,40,'보통',4,8),(52,'우럭',76.16,40,'보통',4,8),(53,'기타어종',86.22,0,'좋음',5,9),(54,'우럭',74.61,40,'보통',5,9),(55,'기타어종',87.55,0,'좋음',5,10),(56,'우럭',75.12,40,'보통',5,10),(57,'기타어종',95.56,0,'매우좋음',6,11),(58,'농어',86.33,40,'매우좋음',6,11),(59,'돌돔',89.5,100,'매우좋음',6,11),(60,'벵에돔',86.33,40,'매우좋음',6,11),(61,'우럭',87.04,40,'매우좋음',6,11),(62,'참돔',86.02,40,'매우좋음',6,11),(63,'기타어종',94.4,0,'매우좋음',6,12),(64,'농어',88.2,40,'매우좋음',6,12),(65,'돌돔',87.93,100,'매우좋음',6,12),(66,'벵에돔',88.2,40,'매우좋음',6,12),(67,'우럭',84.2,40,'좋음',6,12),(68,'참돔',87.99,40,'매우좋음',6,12),(69,'감성돔',79.36,40,'좋음',7,13),(70,'기타어종',85.8,0,'좋음',7,13),(71,'돌돔',80.99,100,'좋음',7,13),(72,'우럭',81.22,40,'좋음',7,13),(73,'감성돔',78,40,'좋음',7,14),(74,'기타어종',85.72,0,'좋음',7,14),(75,'돌돔',79.63,100,'좋음',7,14),(76,'우럭',79.86,40,'좋음',7,14),(77,'감성돔',76.65,40,'보통',8,15),(78,'기타어종',83.65,0,'좋음',8,15),(79,'농어',79.57,40,'좋음',8,15),(80,'우럭',79.17,40,'좋음',8,15),(81,'감성돔',73.65,40,'보통',8,16),(82,'기타어종',81.57,0,'좋음',8,16),(83,'농어',76.68,40,'보통',8,16),(84,'우럭',76.05,40,'보통',8,16),(85,'감성돔',67.76,40,'보통',9,17),(86,'기타어종',77.42,0,'보통',9,17),(87,'우럭',73.02,40,'보통',9,17),(88,'감성돔',66.84,40,'보통',9,18),(89,'기타어종',73.42,0,'보통',9,18),(90,'우럭',68.82,40,'보통',9,18),(91,'기타어종',74.54,0,'보통',10,19),(92,'우럭',68.29,40,'보통',10,19),(93,'기타어종',73.23,0,'보통',10,20),(94,'우럭',65.72,40,'보통',10,20),(95,'감성돔',89.64,40,'매우좋음',11,21),(96,'기타어종',97.04,0,'매우좋음',11,21),(97,'농어',91.86,40,'매우좋음',11,21),(98,'돌돔',89.49,100,'매우좋음',11,21),(99,'벵에돔',91.86,40,'매우좋음',11,21),(100,'볼락',87.86,40,'매우좋음',11,21),(101,'열기',87.86,40,'매우좋음',11,21),(102,'우럭',87.86,40,'매우좋음',11,21),(103,'참돔',88.84,40,'매우좋음',11,21),(104,'감성돔',78.63,40,'좋음',11,22),(105,'기타어종',86.77,0,'좋음',11,22),(106,'농어',80.97,40,'좋음',11,22),(107,'돌돔',80.38,100,'좋음',11,22),(108,'벵에돔',80.97,40,'좋음',11,22),(109,'볼락',77.96,40,'좋음',11,22),(110,'열기',77.96,40,'좋음',11,22),(111,'우럭',77.96,40,'좋음',11,22),(112,'참돔',77.85,40,'좋음',11,22),(113,'감성돔',86.37,40,'매우좋음',12,23),(114,'기타어종',92.92,0,'매우좋음',12,23),(115,'농어',88,40,'매우좋음',12,23),(116,'벵에돔',88,40,'매우좋음',12,23),(117,'볼락',84,40,'좋음',12,23),(118,'열기',84,40,'좋음',12,23),(119,'우럭',84,40,'좋음',12,23),(120,'참돔',85.52,40,'매우좋음',12,23),(121,'감성돔',76.98,40,'보통',12,24),(122,'기타어종',83.04,0,'좋음',12,24),(123,'농어',78.5,40,'좋음',12,24),(124,'벵에돔',78.5,40,'좋음',12,24),(125,'볼락',74.5,40,'보통',12,24),(126,'열기',74.5,40,'보통',12,24),(127,'우럭',74.5,40,'보통',12,24),(128,'참돔',76.12,40,'보통',12,24),(129,'감성돔',85.03,40,'매우좋음',13,25),(130,'기타어종',90.96,0,'좋음',13,25),(131,'농어',87.02,40,'매우좋음',13,25),(132,'돌돔',84.8,100,'좋음',13,25),(133,'벵에돔',87.02,40,'매우좋음',13,25),(134,'볼락',83.02,40,'좋음',13,25),(135,'우럭',83.02,40,'좋음',13,25),(136,'참돔',84.22,40,'좋음',13,25),(137,'감성돔',78.18,40,'좋음',13,26),(138,'기타어종',85.1,0,'좋음',13,26),(139,'농어',80.28,40,'좋음',13,26),(140,'돌돔',78.69,100,'좋음',13,26),(141,'벵에돔',80.28,40,'좋음',13,26),(142,'볼락',76.37,40,'보통',13,26),(143,'우럭',76.37,40,'보통',13,26),(144,'참돔',77.37,40,'좋음',13,26),(145,'감성돔',80.18,40,'좋음',14,27),(146,'기타어종',92.73,0,'매우좋음',14,27),(147,'농어',79.24,40,'좋음',14,27),(148,'돌돔',81.93,100,'좋음',14,27),(149,'볼락',77.02,40,'좋음',14,27),(150,'우럭',80.75,40,'좋음',14,27),(151,'참돔',80.03,40,'좋음',14,27),(152,'감성돔',77.57,40,'좋음',14,28),(153,'기타어종',91.39,0,'매우좋음',14,28),(154,'농어',77.45,40,'좋음',14,28),(155,'돌돔',81.04,100,'좋음',14,28),(156,'볼락',77.78,40,'좋음',14,28),(157,'우럭',81.52,40,'좋음',14,28),(158,'참돔',77.32,40,'좋음',14,28),(159,'감성돔',82.1,40,'좋음',15,29),(160,'기타어종',88.06,0,'좋음',15,29),(161,'돌돔',84.96,100,'좋음',15,29),(162,'벵에돔',82.1,40,'좋음',15,29),(163,'감성돔',82.88,40,'좋음',15,30),(164,'기타어종',88.97,0,'좋음',15,30),(165,'돌돔',85.89,100,'매우좋음',15,30),(166,'벵에돔',82.88,40,'좋음',15,30),(167,'감성돔',72.55,40,'보통',16,31),(168,'기타어종',82.88,0,'좋음',16,31),(169,'농어',72.43,40,'보통',16,31),(170,'돌돔',75.6,100,'보통',16,31),(171,'열기',73.21,40,'보통',16,31),(172,'감성돔',69.49,40,'보통',16,32),(173,'기타어종',79.81,0,'보통',16,32),(174,'농어',69.61,40,'보통',16,32),(175,'돌돔',72.47,100,'보통',16,32),(176,'열기',70.39,40,'보통',16,32),(177,'감성돔',72.6,40,'보통',17,33),(178,'기타어종',79.95,0,'보통',17,33),(179,'농어',75.05,40,'보통',17,33),(180,'돌돔',73.23,100,'보통',17,33),(181,'볼락',71.47,40,'보통',17,33),(182,'열기',73.15,40,'보통',17,33),(183,'우럭',73.15,40,'보통',17,33),(184,'참돔',72.07,40,'보통',17,33),(185,'감성돔',73.37,40,'보통',17,34),(186,'기타어종',82.29,0,'좋음',17,34),(187,'농어',75.82,40,'보통',17,34),(188,'돌돔',76.89,100,'보통',17,34),(189,'볼락',73.83,40,'보통',17,34),(190,'열기',75.52,40,'보통',17,34),(191,'우럭',75.52,40,'보통',17,34),(192,'참돔',72.84,40,'보통',17,34),(193,'기타어종',90.46,0,'좋음',18,35),(194,'돌돔',87.21,100,'매우좋음',18,35),(195,'벵에돔',83.27,40,'좋음',18,35),(196,'참돔',83.27,40,'좋음',18,35),(197,'기타어종',90.46,0,'좋음',18,36),(198,'돌돔',87.28,100,'매우좋음',18,36),(199,'벵에돔',83.27,40,'좋음',18,36),(200,'참돔',83.27,40,'좋음',18,36),(201,'기타어종',84.93,0,'좋음',19,37),(202,'돌돔',80.63,100,'좋음',19,37),(203,'벵에돔',80.12,40,'좋음',19,37),(204,'참돔',80.12,40,'좋음',19,37),(205,'기타어종',85.63,0,'좋음',19,38),(206,'돌돔',81.15,100,'좋음',19,38),(207,'벵에돔',77.13,40,'좋음',19,38),(208,'참돔',77.13,40,'좋음',19,38),(209,'기타어종',85.57,0,'좋음',20,39),(210,'농어',74.16,40,'보통',20,39),(211,'우럭',72.96,40,'보통',20,39),(212,'기타어종',90.11,0,'좋음',20,40),(213,'농어',76.27,40,'보통',20,40),(214,'우럭',78.45,40,'좋음',20,40),(215,'감성돔',80.96,40,'좋음',21,41),(216,'기타어종',93.65,0,'매우좋음',21,41),(217,'우럭',84.36,40,'좋음',21,41),(218,'감성돔',82.54,40,'좋음',21,42),(219,'기타어종',96.37,0,'매우좋음',21,42),(220,'우럭',84.61,40,'좋음',21,42),(221,'감성돔',75.76,40,'보통',22,43),(222,'기타어종',82.28,0,'좋음',22,43),(223,'우럭',77.11,40,'좋음',22,43),(224,'감성돔',74.61,40,'보통',22,44),(225,'기타어종',82.72,0,'좋음',22,44),(226,'우럭',75.96,40,'보통',22,44),(227,'감성돔',67.79,40,'보통',23,45),(228,'기타어종',76.97,0,'보통',23,45),(229,'농어',67.91,40,'보통',23,45),(230,'돌돔',71.78,100,'보통',23,45),(231,'열기',68.72,40,'보통',23,45),(232,'우럭',71.47,40,'보통',23,45),(233,'참돔',67.52,40,'보통',23,45),(234,'감성돔',65.27,40,'보통',23,46),(235,'기타어종',72.51,0,'보통',23,46),(236,'농어',65.62,40,'보통',23,46),(237,'돌돔',66.6,100,'보통',23,46),(238,'열기',64.14,40,'보통',23,46),(239,'우럭',66.8,40,'보통',23,46),(240,'참돔',64.96,40,'보통',23,46),(241,'감성돔',82.77,40,'좋음',24,47),(242,'기타어종',93,0,'매우좋음',24,47),(243,'농어',84.52,40,'좋음',24,47),(244,'돌돔',85.78,100,'매우좋음',24,47),(245,'벵에돔',84.52,40,'좋음',24,47),(246,'우럭',83.43,40,'좋음',24,47),(247,'참돔',81.93,40,'좋음',24,47),(248,'감성돔',84.92,40,'좋음',24,48),(249,'기타어종',92.06,0,'매우좋음',24,48),(250,'농어',86.32,40,'매우좋음',24,48),(251,'돌돔',84.5,100,'좋음',24,48),(252,'벵에돔',86.32,40,'매우좋음',24,48),(253,'우럭',82.32,40,'좋음',24,48),(254,'참돔',84.03,40,'좋음',24,48),(255,'기타어종',84.2,0,'좋음',25,49),(256,'농어',71.77,40,'보통',25,49),(257,'우럭',74.96,40,'보통',25,49),(258,'기타어종',86.22,0,'좋음',25,50),(259,'농어',74.47,40,'보통',25,50),(260,'우럭',75.22,40,'보통',25,50),(261,'감성돔',74.05,40,'보통',26,51),(262,'기타어종',81.32,0,'좋음',26,51),(263,'우럭',77.03,40,'좋음',26,51),(264,'감성돔',70.83,40,'보통',26,52),(265,'기타어종',78.96,0,'보통',26,52),(266,'우럭',73.81,40,'보통',26,52),(267,'감성돔',81.69,40,'좋음',27,53),(268,'기타어종',90.54,0,'좋음',27,53),(269,'돌돔',84.97,100,'좋음',27,53),(270,'벵에돔',82.47,40,'좋음',27,53),(271,'볼락',82.39,40,'좋음',27,53),(272,'참돔',81.01,40,'좋음',27,53),(273,'감성돔',81.1,40,'좋음',27,54),(274,'기타어종',89.22,0,'좋음',27,54),(275,'돌돔',81.54,100,'좋음',27,54),(276,'벵에돔',82.65,40,'좋음',27,54),(277,'볼락',80.27,40,'좋음',27,54),(278,'참돔',80.37,40,'좋음',27,54),(279,'기타어종',66.26,0,'보통',28,55),(280,'돌돔',65.32,100,'보통',28,55),(281,'벵에돔',62.21,40,'나쁨',28,55),(282,'볼락',61.57,40,'나쁨',28,55),(283,'열기',61.57,40,'나쁨',28,55),(284,'우럭',61.57,40,'나쁨',28,55),(285,'참돔',60.34,40,'나쁨',28,55),(286,'기타어종',69.97,0,'보통',28,56),(287,'돌돔',65.6,100,'보통',28,56),(288,'벵에돔',65.86,40,'보통',28,56),(289,'볼락',64.04,40,'보통',28,56),(290,'열기',64.04,40,'보통',28,56),(291,'우럭',64.04,40,'보통',28,56),(292,'참돔',64.2,40,'보통',28,56),(293,'감성돔',86.93,40,'매우좋음',29,57),(294,'기타어종',93.29,0,'매우좋음',29,57),(295,'농어',89.38,40,'매우좋음',29,57),(296,'돌돔',87.16,100,'매우좋음',29,57),(297,'벵에돔',89.07,40,'매우좋음',29,57),(298,'볼락',85.86,40,'매우좋음',29,57),(299,'우럭',85.86,40,'매우좋음',29,57),(300,'참돔',86.16,40,'매우좋음',29,57),(301,'감성돔',80.87,40,'좋음',29,58),(302,'기타어종',88.02,0,'좋음',29,58),(303,'농어',83.2,40,'좋음',29,58),(304,'돌돔',81.06,100,'좋음',29,58),(305,'벵에돔',83.2,40,'좋음',29,58),(306,'볼락',79.69,40,'좋음',29,58),(307,'우럭',79.69,40,'좋음',29,58),(308,'참돔',80.09,40,'좋음',29,58),(309,'감성돔',75.96,40,'보통',30,59),(310,'기타어종',81.28,0,'좋음',30,59),(311,'농어',78.88,40,'좋음',30,59),(312,'벵에돔',75.38,40,'보통',30,59),(313,'볼락',75.29,40,'보통',30,59),(314,'감성돔',77.81,40,'좋음',30,60),(315,'기타어종',85.23,0,'좋음',30,60),(316,'농어',80.72,40,'좋음',30,60),(317,'벵에돔',77.22,40,'좋음',30,60),(318,'볼락',77.14,40,'좋음',30,60),(319,'감성돔',76.33,40,'보통',31,61),(320,'기타어종',83.47,0,'좋음',31,61),(321,'농어',79.02,40,'좋음',31,61),(322,'돌돔',76.44,100,'보통',31,61),(323,'벵에돔',78.08,40,'좋음',31,61),(324,'볼락',75.17,40,'보통',31,61),(325,'참돔',75.6,40,'보통',31,61),(326,'감성돔',73.85,40,'보통',31,62),(327,'기타어종',83,0,'좋음',31,62),(328,'농어',76.54,40,'보통',31,62),(329,'돌돔',76.45,100,'보통',31,62),(330,'벵에돔',75.6,40,'보통',31,62),(331,'볼락',75.15,40,'보통',31,62),(332,'참돔',73.12,40,'보통',31,62),(333,'감성돔',76.96,40,'보통',32,63),(334,'기타어종',83.21,0,'좋음',32,63),(335,'농어',80.1,40,'좋음',32,63),(336,'벵에돔',77.92,40,'좋음',32,63),(337,'볼락',80.02,40,'좋음',32,63),(338,'열기',80.02,40,'좋음',32,63),(339,'우럭',80.02,40,'좋음',32,63),(340,'감성돔',77.81,40,'좋음',32,64),(341,'기타어종',87.36,0,'좋음',32,64),(342,'농어',80.73,40,'좋음',32,64),(343,'벵에돔',79.18,40,'좋음',32,64),(344,'볼락',80.64,40,'좋음',32,64),(345,'열기',80.64,40,'좋음',32,64),(346,'우럭',80.64,40,'좋음',32,64),(347,'감성돔',78.56,40,'좋음',33,65),(348,'기타어종',88.57,0,'좋음',33,65),(349,'돌돔',79.42,100,'좋음',33,65),(350,'벵에돔',76.02,40,'보통',33,65),(351,'열기',78.9,40,'좋음',33,65),(352,'감성돔',79.24,40,'좋음',33,66),(353,'기타어종',90.18,0,'좋음',33,66),(354,'돌돔',81.87,100,'좋음',33,66),(355,'벵에돔',77.49,40,'좋음',33,66),(356,'열기',81.84,40,'좋음',33,66),(357,'감성돔',72.59,40,'보통',34,67),(358,'기타어종',78.38,0,'보통',34,67),(359,'벵에돔',72.39,40,'보통',34,67),(360,'볼락',72.56,40,'보통',34,67),(361,'열기',73.12,40,'보통',34,67),(362,'우럭',73.12,40,'보통',34,67),(363,'감성돔',76.39,40,'보통',34,68),(364,'기타어종',84.65,0,'좋음',34,68),(365,'벵에돔',76.19,40,'보통',34,68),(366,'볼락',76.36,40,'보통',34,68),(367,'열기',76.92,40,'보통',34,68),(368,'우럭',76.92,40,'보통',34,68),(369,'감성돔',86.14,100,'매우좋음',1,69),(370,'기타어종',88,0,'좋음',1,69),(371,'농어',89.53,100,'매우좋음',1,69),(372,'돌돔',74.46,40,'보통',1,69),(373,'우럭',77.76,20,'좋음',1,69),(374,'참돔',85.48,100,'매우좋음',1,69),(375,'감성돔',69.01,100,'보통',1,70),(376,'기타어종',64.9,0,'나쁨',1,70),(377,'농어',72.04,100,'보통',1,70),(378,'돌돔',55.61,40,'나쁨',1,70),(379,'우럭',58.86,20,'나쁨',1,70),(380,'참돔',68.31,100,'보통',1,70),(381,'감성돔',93.56,100,'매우좋음',2,71),(382,'기타어종',93.54,0,'매우좋음',2,71),(383,'농어',94.5,100,'매우좋음',2,71),(384,'벵에돔',94.5,100,'매우좋음',2,71),(385,'볼락',81.16,20,'좋음',2,71),(386,'열기',80.7,20,'좋음',2,71),(387,'우럭',81.16,20,'좋음',2,71),(388,'참돔',92.63,100,'매우좋음',2,71),(389,'감성돔',85.91,100,'매우좋음',2,72),(390,'기타어종',86.79,0,'좋음',2,72),(391,'농어',86.72,100,'매우좋음',2,72),(392,'벵에돔',86.72,100,'매우좋음',2,72),(393,'볼락',76.37,20,'보통',2,72),(394,'열기',75.67,20,'보통',2,72),(395,'우럭',76.37,20,'보통',2,72),(396,'참돔',84.96,100,'좋음',2,72),(397,'감성돔',94.48,100,'매우좋음',3,73),(398,'기타어종',95.43,0,'매우좋음',3,73),(399,'농어',96.12,100,'매우좋음',3,73),(400,'돌돔',80.66,40,'좋음',3,73),(401,'벵에돔',96.12,100,'매우좋음',3,73),(402,'볼락',82.78,20,'좋음',3,73),(403,'우럭',82.78,20,'좋음',3,73),(404,'참돔',93.63,100,'매우좋음',3,73),(405,'감성돔',93.17,100,'매우좋음',3,74),(406,'기타어종',93.09,0,'매우좋음',3,74),(407,'농어',94.11,100,'매우좋음',3,74),(408,'돌돔',78.59,40,'좋음',3,74),(409,'벵에돔',94.11,100,'매우좋음',3,74),(410,'볼락',80.77,20,'좋음',3,74),(411,'우럭',80.77,20,'좋음',3,74),(412,'참돔',92.24,100,'매우좋음',3,74),(413,'감성돔',84.02,100,'좋음',4,75),(414,'기타어종',89.41,0,'좋음',4,75),(415,'농어',84.02,100,'좋음',4,75),(416,'우럭',74.27,20,'보통',4,75),(417,'감성돔',56.66,100,'나쁨',4,76),(418,'기타어종',56.32,0,'나쁨',4,76),(419,'농어',56.66,100,'나쁨',4,76),(420,'우럭',47.09,20,'매우나쁨',4,76),(421,'기타어종',74.24,0,'보통',5,77),(422,'우럭',61.46,20,'나쁨',5,77),(423,'기타어종',60.17,0,'나쁨',5,78),(424,'우럭',51.37,20,'나쁨',5,78),(425,'기타어종',98.14,0,'매우좋음',6,79),(426,'농어',95.55,100,'매우좋음',6,79),(427,'돌돔',84.8,40,'좋음',6,79),(428,'벵에돔',95.55,100,'매우좋음',6,79),(429,'우럭',86.93,20,'매우좋음',6,79),(430,'참돔',95.34,100,'매우좋음',6,79),(431,'기타어종',86.24,0,'좋음',6,80),(432,'농어',88.21,100,'매우좋음',6,80),(433,'돌돔',74.02,40,'보통',6,80),(434,'벵에돔',88.21,100,'매우좋음',6,80),(435,'우럭',74.88,20,'보통',6,80),(436,'참돔',88.1,100,'매우좋음',6,80),(437,'감성돔',85.36,100,'매우좋음',7,81),(438,'기타어종',88.22,0,'좋음',7,81),(439,'돌돔',73.11,40,'보통',7,81),(440,'우럭',78.05,20,'좋음',7,81),(441,'감성돔',84.13,100,'좋음',7,82),(442,'기타어종',85.97,0,'좋음',7,82),(443,'돌돔',71.84,40,'보통',7,82),(444,'우럭',76.9,20,'보통',7,82),(445,'감성돔',86.95,100,'매우좋음',8,83),(446,'기타어종',90.83,0,'좋음',8,83),(447,'농어',89.86,100,'매우좋음',8,83),(448,'우럭',80.14,20,'좋음',8,83),(449,'감성돔',83.98,100,'좋음',8,84),(450,'기타어종',86.74,0,'좋음',8,84),(451,'농어',87.13,100,'매우좋음',8,84),(452,'우럭',76.94,20,'보통',8,84),(453,'감성돔',66.71,100,'보통',9,85),(454,'기타어종',67.41,0,'보통',9,85),(455,'우럭',62.58,20,'나쁨',9,85),(456,'감성돔',54.29,100,'나쁨',9,86),(457,'기타어종',48.59,0,'매우나쁨',9,86),(458,'우럭',47.19,20,'매우나쁨',9,86),(459,'기타어종',72.38,0,'보통',10,87),(460,'우럭',64.02,20,'보통',10,87),(461,'기타어종',59.09,0,'나쁨',10,88),(462,'우럭',53.6,20,'나쁨',10,88),(463,'감성돔',91.62,100,'매우좋음',11,89),(464,'기타어종',92.35,0,'매우좋음',11,89),(465,'농어',93.49,100,'매우좋음',11,89),(466,'돌돔',77.35,40,'좋음',11,89),(467,'벵에돔',93.49,100,'매우좋음',11,89),(468,'볼락',80.15,20,'좋음',11,89),(469,'열기',80.15,20,'좋음',11,89),(470,'우럭',80.15,20,'좋음',11,89),(471,'참돔',90.79,100,'매우좋음',11,89),(472,'감성돔',82.86,100,'좋음',11,90),(473,'기타어종',82.92,0,'좋음',11,90),(474,'농어',84.62,100,'좋음',11,90),(475,'돌돔',70.42,40,'보통',11,90),(476,'벵에돔',84.62,100,'좋음',11,90),(477,'볼락',72.27,20,'보통',11,90),(478,'열기',72.27,20,'보통',11,90),(479,'우럭',72.27,20,'보통',11,90),(480,'참돔',82.02,100,'좋음',11,90),(481,'감성돔',91.32,100,'매우좋음',12,91),(482,'기타어종',91.86,0,'매우좋음',12,91),(483,'농어',93.07,100,'매우좋음',12,91),(484,'벵에돔',93.07,100,'매우좋음',12,91),(485,'볼락',79.73,20,'좋음',12,91),(486,'열기',79.73,20,'좋음',12,91),(487,'우럭',79.73,20,'좋음',12,91),(488,'참돔',90.48,100,'매우좋음',12,91),(489,'감성돔',82.61,100,'좋음',12,92),(490,'기타어종',82.3,0,'좋음',12,92),(491,'농어',84.59,100,'좋음',12,92),(492,'벵에돔',84.59,100,'좋음',12,92),(493,'볼락',71.54,20,'보통',12,92),(494,'열기',71.54,20,'보통',12,92),(495,'우럭',71.54,20,'보통',12,92),(496,'참돔',81.79,100,'좋음',12,92),(497,'감성돔',89.61,100,'매우좋음',13,93),(498,'기타어종',90.29,0,'좋음',13,93),(499,'농어',91.71,100,'매우좋음',13,93),(500,'돌돔',76.12,40,'보통',13,93),(501,'벵에돔',91.71,100,'매우좋음',13,93),(502,'볼락',78.46,20,'좋음',13,93),(503,'우럭',78.46,20,'좋음',13,93),(504,'참돔',88.8,100,'매우좋음',13,93),(505,'감성돔',83.87,100,'좋음',13,94),(506,'기타어종',83.83,0,'좋음',13,94),(507,'농어',86.2,100,'매우좋음',13,94),(508,'돌돔',70.45,40,'보통',13,94),(509,'벵에돔',86.2,100,'매우좋음',13,94),(510,'볼락',72.96,20,'보통',13,94),(511,'우럭',72.96,20,'보통',13,94),(512,'참돔',83.09,100,'좋음',13,94),(513,'감성돔',90.82,100,'매우좋음',14,95),(514,'기타어종',97.06,0,'매우좋음',14,95),(515,'농어',89.89,100,'매우좋음',14,95),(516,'돌돔',78.58,40,'좋음',14,95),(517,'볼락',78.33,20,'좋음',14,95),(518,'우럭',82.06,20,'좋음',14,95),(519,'참돔',90.67,100,'매우좋음',14,95),(520,'감성돔',58.56,100,'나쁨',14,96),(521,'기타어종',56.78,0,'나쁨',14,96),(522,'농어',58.45,100,'나쁨',14,96),(523,'돌돔',46.32,40,'매우나쁨',14,96),(524,'볼락',46.93,20,'매우나쁨',14,96),(525,'우럭',50.66,20,'나쁨',14,96),(526,'참돔',58.32,100,'나쁨',14,96),(527,'감성돔',92.34,100,'매우좋음',15,97),(528,'기타어종',91.84,0,'매우좋음',15,97),(529,'돌돔',81.34,40,'좋음',15,97),(530,'벵에돔',92.34,100,'매우좋음',15,97),(531,'감성돔',89.7,100,'매우좋음',15,98),(532,'기타어종',88.76,0,'좋음',15,98),(533,'돌돔',78.8,40,'좋음',15,98),(534,'벵에돔',89.7,100,'매우좋음',15,98),(535,'감성돔',79.78,100,'좋음',16,99),(536,'기타어종',83.9,0,'좋음',16,99),(537,'농어',79.54,100,'좋음',16,99),(538,'돌돔',68.87,40,'보통',16,99),(539,'열기',70.99,20,'보통',16,99),(540,'감성돔',47.17,100,'매우나쁨',16,100),(541,'기타어종',43.97,0,'매우나쁨',16,100),(542,'농어',47.06,100,'매우나쁨',16,100),(543,'돌돔',36.23,40,'매우나쁨',16,100),(544,'열기',38.51,20,'매우나쁨',16,100),(545,'감성돔',87.77,100,'매우좋음',17,101),(546,'기타어종',88.97,0,'좋음',17,101),(547,'농어',90.57,100,'매우좋음',17,101),(548,'돌돔',74.48,40,'보통',17,101),(549,'볼락',77.58,20,'좋음',17,101),(550,'열기',78.7,20,'좋음',17,101),(551,'우럭',78.7,20,'좋음',17,101),(552,'참돔',87.2,100,'매우좋음',17,101),(553,'감성돔',57.16,100,'나쁨',17,102),(554,'기타어종',52.55,0,'나쁨',17,102),(555,'농어',59.61,100,'나쁨',17,102),(556,'돌돔',44.86,40,'매우나쁨',17,102),(557,'볼락',47.27,20,'매우나쁨',17,102),(558,'열기',48.95,20,'매우나쁨',17,102),(559,'우럭',48.95,20,'매우나쁨',17,102),(560,'참돔',56.62,100,'나쁨',17,102),(561,'기타어종',93.33,0,'매우좋음',18,103),(562,'돌돔',82.58,40,'좋음',18,103),(563,'벵에돔',92.72,100,'매우좋음',18,103),(564,'참돔',92.72,100,'매우좋음',18,103),(565,'기타어종',82.14,0,'좋음',18,104),(566,'돌돔',71.91,40,'보통',18,104),(567,'벵에돔',84.78,100,'좋음',18,104),(568,'참돔',84.78,100,'좋음',18,104),(569,'기타어종',92.26,0,'매우좋음',19,105),(570,'돌돔',79.58,40,'좋음',19,105),(571,'벵에돔',93.38,100,'매우좋음',19,105),(572,'참돔',93.38,100,'매우좋음',19,105),(573,'기타어종',79.75,0,'보통',19,106),(574,'돌돔',70.18,40,'보통',19,106),(575,'벵에돔',81.21,100,'좋음',19,106),(576,'참돔',81.21,100,'좋음',19,106),(577,'기타어종',87.31,0,'좋음',20,107),(578,'농어',81,100,'좋음',20,107),(579,'우럭',73.47,20,'보통',20,107),(580,'기타어종',71.07,0,'보통',20,108),(581,'농어',68.1,100,'보통',20,108),(582,'우럭',60.76,20,'나쁨',20,108),(583,'감성돔',92.46,100,'매우좋음',21,109),(584,'기타어종',99.28,0,'매우좋음',21,109),(585,'우럭',85.4,20,'매우좋음',21,109),(586,'감성돔',83.2,100,'좋음',21,110),(587,'기타어종',89.04,0,'좋음',21,110),(588,'우럭',76.07,20,'보통',21,110),(589,'감성돔',83.87,100,'좋음',22,111),(590,'기타어종',86.6,0,'좋음',22,111),(591,'우럭',75.81,20,'보통',22,111),(592,'감성돔',80.83,100,'좋음',22,112),(593,'기타어종',82.96,0,'좋음',22,112),(594,'우럭',72.77,20,'보통',22,112),(595,'감성돔',68.6,100,'보통',23,113),(596,'기타어종',69.63,0,'보통',23,113),(597,'농어',68.72,100,'보통',23,113),(598,'돌돔',58.59,40,'나쁨',23,113),(599,'열기',60.19,20,'나쁨',23,113),(600,'우럭',62.95,20,'나쁨',23,113),(601,'참돔',68.33,100,'보통',23,113),(602,'감성돔',48.14,100,'매우나쁨',23,114),(603,'기타어종',42.51,0,'매우나쁨',23,114),(604,'농어',48.37,100,'매우나쁨',23,114),(605,'돌돔',36.01,40,'매우나쁨',23,114),(606,'열기',38.18,20,'매우나쁨',23,114),(607,'우럭',40.89,20,'매우나쁨',23,114),(608,'참돔',47.86,100,'매우나쁨',23,114),(609,'감성돔',91.52,100,'매우좋음',24,115),(610,'기타어종',93.41,0,'매우좋음',24,115),(611,'농어',93.15,100,'매우좋음',24,115),(612,'돌돔',80.27,40,'좋음',24,115),(613,'벵에돔',93.15,100,'매우좋음',24,115),(614,'우럭',81.04,20,'좋음',24,115),(615,'참돔',90.66,100,'매우좋음',24,115),(616,'감성돔',91.79,100,'매우좋음',24,116),(617,'기타어종',92.71,0,'매우좋음',24,116),(618,'농어',93.77,100,'매우좋음',24,116),(619,'돌돔',77.55,40,'좋음',24,116),(620,'벵에돔',93.77,100,'매우좋음',24,116),(621,'우럭',80.44,20,'좋음',24,116),(622,'참돔',90.97,100,'매우좋음',24,116),(623,'기타어종',73.78,0,'보통',25,117),(624,'농어',69.83,100,'보통',25,117),(625,'우럭',63.88,20,'나쁨',25,117),(626,'기타어종',61.47,0,'나쁨',25,118),(627,'농어',62.98,100,'나쁨',25,118),(628,'우럭',54.21,20,'나쁨',25,118),(629,'감성돔',82.15,100,'좋음',26,119),(630,'기타어종',84.09,0,'좋음',26,119),(631,'우럭',74.51,20,'보통',26,119),(632,'감성돔',82.04,100,'좋음',26,120),(633,'기타어종',83.42,0,'좋음',26,120),(634,'우럭',74.46,20,'보통',26,120),(635,'감성돔',91.47,100,'매우좋음',27,121),(636,'기타어종',93.87,0,'매우좋음',27,121),(637,'돌돔',80.56,40,'좋음',27,121),(638,'벵에돔',93.22,100,'매우좋음',27,121),(639,'볼락',82.25,20,'좋음',27,121),(640,'참돔',90.74,100,'매우좋음',27,121),(641,'감성돔',92.48,100,'매우좋음',27,122),(642,'기타어종',93.66,0,'매우좋음',27,122),(643,'돌돔',78.68,40,'좋음',27,122),(644,'벵에돔',94.58,100,'매우좋음',27,122),(645,'볼락',81.62,20,'좋음',27,122),(646,'참돔',91.68,100,'매우좋음',27,122),(647,'기타어종',64.7,0,'나쁨',28,123),(648,'돌돔',54.31,40,'나쁨',28,123),(649,'벵에돔',66.5,100,'보통',28,123),(650,'볼락',56.4,20,'나쁨',28,123),(651,'열기',56.58,20,'나쁨',28,123),(652,'우럭',56.58,20,'나쁨',28,123),(653,'참돔',65.67,100,'보통',28,123),(654,'기타어종',65.86,0,'보통',28,124),(655,'돌돔',54.38,40,'나쁨',28,124),(656,'벵에돔',68.42,100,'보통',28,124),(657,'볼락',57.57,20,'나쁨',28,124),(658,'열기',57.57,20,'나쁨',28,124),(659,'우럭',57.57,20,'나쁨',28,124),(660,'참돔',66.96,100,'보통',28,124),(661,'감성돔',86.35,100,'매우좋음',29,125),(662,'기타어종',86.52,0,'좋음',29,125),(663,'농어',88.57,100,'매우좋음',29,125),(664,'돌돔',72.2,40,'보통',29,125),(665,'벵에돔',88.57,100,'매우좋음',29,125),(666,'볼락',75.24,20,'보통',29,125),(667,'우럭',75.24,20,'보통',29,125),(668,'참돔',85.56,100,'매우좋음',29,125),(669,'감성돔',80.13,100,'좋음',29,126),(670,'기타어종',81.52,0,'좋음',29,126),(671,'농어',82.35,100,'좋음',29,126),(672,'돌돔',69.15,40,'보통',29,126),(673,'벵에돔',82.35,100,'좋음',29,126),(674,'볼락',72.86,20,'보통',29,126),(675,'우럭',72.86,20,'보통',29,126),(676,'참돔',79.34,100,'좋음',29,126),(677,'감성돔',80.86,100,'좋음',30,127),(678,'기타어종',81.86,0,'좋음',30,127),(679,'농어',83.66,100,'좋음',30,127),(680,'벵에돔',80.08,100,'좋음',30,127),(681,'볼락',70.78,20,'보통',30,127),(682,'감성돔',85.32,100,'매우좋음',30,128),(683,'기타어종',87.45,0,'좋음',30,128),(684,'농어',88.35,100,'매우좋음',30,128),(685,'벵에돔',84.94,100,'좋음',30,128),(686,'볼락',75.39,20,'보통',30,128),(687,'감성돔',95.33,100,'매우좋음',31,129),(688,'기타어종',96.04,0,'매우좋음',31,129),(689,'농어',96.61,100,'매우좋음',31,129),(690,'돌돔',80.86,40,'좋음',31,129),(691,'벵에돔',96.61,100,'매우좋음',31,129),(692,'볼락',83.28,20,'좋음',31,129),(693,'참돔',94.43,100,'매우좋음',31,129),(694,'감성돔',74.49,100,'보통',31,130),(695,'기타어종',72.26,0,'보통',31,130),(696,'농어',76.12,100,'보통',31,130),(697,'돌돔',61.1,40,'나쁨',31,130),(698,'벵에돔',76.12,100,'보통',31,130),(699,'볼락',63.7,20,'나쁨',31,130),(700,'참돔',73.64,100,'보통',31,130),(701,'감성돔',90.51,100,'매우좋음',32,131),(702,'기타어종',93.79,0,'매우좋음',32,131),(703,'농어',93.77,100,'매우좋음',32,131),(704,'벵에돔',91.29,100,'매우좋음',32,131),(705,'볼락',84.35,20,'좋음',32,131),(706,'열기',84.35,20,'좋음',32,131),(707,'우럭',84.35,20,'좋음',32,131),(708,'감성돔',89.36,100,'매우좋음',32,132),(709,'기타어종',92.54,0,'매우좋음',32,132),(710,'농어',92.16,100,'매우좋음',32,132),(711,'벵에돔',90.91,100,'매우좋음',32,132),(712,'볼락',82.74,20,'좋음',32,132),(713,'열기',82.74,20,'좋음',32,132),(714,'우럭',82.74,20,'좋음',32,132),(715,'감성돔',91.89,100,'매우좋음',33,133),(716,'기타어종',95.89,0,'매우좋음',33,133),(717,'돌돔',78.71,40,'좋음',33,133),(718,'벵에돔',89.56,100,'매우좋음',33,133),(719,'열기',83.02,20,'좋음',33,133),(720,'감성돔',78.58,100,'좋음',33,134),(721,'기타어종',79.38,0,'보통',33,134),(722,'돌돔',66.2,40,'보통',33,134),(723,'벵에돔',76.83,100,'보통',33,134),(724,'열기',70.93,20,'보통',33,134),(725,'감성돔',79.79,100,'좋음',34,135),(726,'기타어종',80.66,0,'보통',34,135),(727,'벵에돔',79.4,100,'좋음',34,135),(728,'볼락',70.36,20,'보통',34,135),(729,'열기',71.11,20,'보통',34,135),(730,'우럭',71.11,20,'보통',34,135),(731,'감성돔',83.59,100,'좋음',34,136),(732,'기타어종',85.81,0,'좋음',34,136),(733,'벵에돔',83.59,100,'좋음',34,136),(734,'볼락',74.3,20,'보통',34,136),(735,'열기',74.67,20,'보통',34,136),(736,'우럭',74.67,20,'보통',34,136),(737,'감성돔',20,100,'매우나쁨',1,137),(738,'기타어종',20,0,'매우나쁨',1,137),(739,'농어',20,100,'매우나쁨',1,137),(740,'돌돔',20,40,'매우나쁨',1,137),(741,'우럭',20,20,'매우나쁨',1,137),(742,'참돔',20,100,'매우나쁨',1,137),(743,'감성돔',20,100,'매우나쁨',1,138),(744,'기타어종',20,0,'매우나쁨',1,138),(745,'농어',20,100,'매우나쁨',1,138),(746,'돌돔',20,40,'매우나쁨',1,138),(747,'우럭',20,20,'매우나쁨',1,138),(748,'참돔',20,100,'매우나쁨',1,138),(749,'감성돔',66.82,100,'보통',2,139),(750,'기타어종',55.46,0,'나쁨',2,139),(751,'농어',68.34,100,'보통',2,139),(752,'벵에돔',68.34,100,'보통',2,139),(753,'볼락',55.01,20,'나쁨',2,139),(754,'열기',55.01,20,'나쁨',2,139),(755,'우럭',55.01,20,'나쁨',2,139),(756,'참돔',65.96,100,'보통',2,139),(757,'감성돔',65.47,100,'보통',2,140),(758,'기타어종',56.9,0,'나쁨',2,140),(759,'농어',67.1,100,'보통',2,140),(760,'벵에돔',67.1,100,'보통',2,140),(761,'볼락',56.75,20,'나쁨',2,140),(762,'열기',56.75,20,'나쁨',2,140),(763,'우럭',56.75,20,'나쁨',2,140),(764,'참돔',64.62,100,'보통',2,140),(765,'감성돔',71.74,100,'보통',3,141),(766,'기타어종',60.87,0,'나쁨',3,141),(767,'농어',73.84,100,'보통',3,141),(768,'돌돔',59.23,40,'나쁨',3,141),(769,'벵에돔',73.84,100,'보통',3,141),(770,'볼락',60.98,20,'나쁨',3,141),(771,'우럭',60.98,20,'나쁨',3,141),(772,'참돔',70.93,100,'보통',3,141),(773,'감성돔',70.53,100,'보통',3,142),(774,'기타어종',63.46,0,'나쁨',3,142),(775,'농어',73.09,100,'보통',3,142),(776,'돌돔',58.77,40,'나쁨',3,142),(777,'벵에돔',72.48,100,'보통',3,142),(778,'볼락',63.94,20,'나쁨',3,142),(779,'우럭',63.94,20,'나쁨',3,142),(780,'참돔',69.78,100,'보통',3,142),(781,'감성돔',47.66,100,'매우나쁨',4,143),(782,'기타어종',41.44,0,'매우나쁨',4,143),(783,'농어',47.66,100,'매우나쁨',4,143),(784,'우럭',37.16,20,'매우나쁨',4,143),(785,'감성돔',48.55,100,'매우나쁨',4,144),(786,'기타어종',43.94,0,'매우나쁨',4,144),(787,'농어',48.55,100,'매우나쁨',4,144),(788,'우럭',40.57,20,'매우나쁨',4,144),(789,'기타어종',44.73,0,'매우나쁨',5,145),(790,'우럭',41.1,20,'매우나쁨',5,145),(791,'기타어종',50.6,0,'나쁨',5,146),(792,'우럭',46.38,20,'매우나쁨',5,146),(793,'기타어종',45.23,0,'매우나쁨',6,147),(794,'농어',55.88,100,'나쁨',6,147),(795,'돌돔',45.21,40,'매우나쁨',6,147),(796,'벵에돔',55.88,100,'나쁨',6,147),(797,'우럭',47.26,20,'매우나쁨',6,147),(798,'참돔',55.77,100,'나쁨',6,147),(799,'기타어종',52.04,0,'나쁨',6,148),(800,'농어',64.36,100,'보통',6,148),(801,'돌돔',50.24,40,'나쁨',6,148),(802,'벵에돔',64.36,100,'보통',6,148),(803,'우럭',51.03,20,'나쁨',6,148),(804,'참돔',64.36,100,'보통',6,148),(805,'감성돔',54.37,100,'나쁨',7,149),(806,'기타어종',44.67,0,'매우나쁨',7,149),(807,'돌돔',42.31,40,'매우나쁨',7,149),(808,'우럭',46.72,20,'매우나쁨',7,149),(809,'감성돔',55.73,100,'나쁨',7,150),(810,'기타어종',46.89,0,'매우나쁨',7,150),(811,'돌돔',43.67,40,'매우나쁨',7,150),(812,'우럭',48.07,20,'매우나쁨',7,150),(813,'감성돔',63.16,100,'나쁨',8,151),(814,'기타어종',54.42,0,'나쁨',8,151),(815,'농어',65.84,100,'보통',8,151),(816,'우럭',56.58,20,'나쁨',8,151),(817,'감성돔',56.55,100,'나쁨',8,152),(818,'기타어종',46.98,0,'매우나쁨',8,152),(819,'농어',59.35,100,'나쁨',8,152),(820,'우럭',49.86,20,'나쁨',8,152),(821,'감성돔',41.15,100,'매우나쁨',9,153),(822,'기타어종',31.79,0,'매우나쁨',9,153),(823,'우럭',35.64,20,'매우나쁨',9,153),(824,'감성돔',51.57,100,'나쁨',9,154),(825,'기타어종',41.96,0,'매우나쁨',9,154),(826,'우럭',44.04,20,'매우나쁨',9,154),(827,'기타어종',40.23,0,'매우나쁨',10,155),(828,'우럭',39.8,20,'매우나쁨',10,155),(829,'기타어종',48.08,0,'매우나쁨',10,156),(830,'우럭',47.21,20,'매우나쁨',10,156),(831,'감성돔',82.81,100,'좋음',11,157),(832,'기타어종',73.89,0,'보통',11,157),(833,'농어',84.91,100,'좋음',11,157),(834,'돌돔',68.94,40,'보통',11,157),(835,'벵에돔',84.91,100,'좋음',11,157),(836,'볼락',71.58,20,'보통',11,157),(837,'열기',71.58,20,'보통',11,157),(838,'우럭',71.58,20,'보통',11,157),(839,'참돔',82.01,100,'좋음',11,157),(840,'감성돔',81.54,100,'좋음',11,158),(841,'기타어종',74.25,0,'보통',11,158),(842,'농어',83.64,100,'좋음',11,158),(843,'돌돔',69.21,40,'보통',11,158),(844,'벵에돔',83.64,100,'좋음',11,158),(845,'볼락',71.29,20,'보통',11,158),(846,'열기',71.29,20,'보통',11,158),(847,'우럭',71.29,20,'보통',11,158),(848,'참돔',80.73,100,'좋음',11,158),(849,'감성돔',79.52,100,'좋음',12,159),(850,'기타어종',73.02,0,'보통',12,159),(851,'농어',81.74,100,'좋음',12,159),(852,'벵에돔',81.74,100,'좋음',12,159),(853,'볼락',70.15,20,'보통',12,159),(854,'열기',70.15,20,'보통',12,159),(855,'우럭',70.15,20,'보통',12,159),(856,'참돔',78.73,100,'좋음',12,159),(857,'감성돔',73.87,100,'보통',12,160),(858,'기타어종',67.04,0,'보통',12,160),(859,'농어',76.09,100,'보통',12,160),(860,'벵에돔',76.09,100,'보통',12,160),(861,'볼락',64.5,20,'보통',12,160),(862,'열기',64.5,20,'보통',12,160),(863,'우럭',64.5,20,'보통',12,160),(864,'참돔',73.08,100,'보통',12,160),(865,'감성돔',72.75,100,'보통',13,161),(866,'기타어종',64.22,0,'나쁨',13,161),(867,'농어',75.55,100,'보통',13,161),(868,'돌돔',61.78,40,'나쁨',13,161),(869,'벵에돔',74.3,100,'보통',13,161),(870,'볼락',63.45,20,'나쁨',13,161),(871,'우럭',63.45,20,'나쁨',13,161),(872,'참돔',72.03,100,'보통',13,161),(873,'감성돔',73,100,'보통',13,162),(874,'기타어종',67.62,0,'보통',13,162),(875,'농어',76.26,100,'보통',13,162),(876,'돌돔',62.69,40,'나쁨',13,162),(877,'벵에돔',73.78,100,'보통',13,162),(878,'볼락',66.29,20,'보통',13,162),(879,'우럭',66.29,20,'보통',13,162),(880,'참돔',72.32,100,'보통',13,162),(881,'감성돔',41.87,100,'매우나쁨',14,163),(882,'기타어종',35.32,0,'매우나쁨',14,163),(883,'농어',41.17,100,'매우나쁨',14,163),(884,'돌돔',32.03,40,'매우나쁨',14,163),(885,'볼락',30.1,20,'매우나쁨',14,163),(886,'우럭',33.83,20,'매우나쁨',14,163),(887,'참돔',41.79,100,'매우나쁨',14,163),(888,'감성돔',44.01,100,'매우나쁨',14,164),(889,'기타어종',36.39,0,'매우나쁨',14,164),(890,'농어',43.19,100,'매우나쁨',14,164),(891,'돌돔',33.59,40,'매우나쁨',14,164),(892,'볼락',32.73,20,'매우나쁨',14,164),(893,'우럭',36.47,20,'매우나쁨',14,164),(894,'참돔',43.85,100,'매우나쁨',14,164),(895,'감성돔',60.83,100,'나쁨',15,165),(896,'기타어종',48.82,0,'매우나쁨',15,165),(897,'돌돔',49.69,40,'나쁨',15,165),(898,'벵에돔',60.83,100,'나쁨',15,165),(899,'감성돔',62.43,100,'나쁨',15,166),(900,'기타어종',50.34,0,'나쁨',15,166),(901,'돌돔',51.21,40,'나쁨',15,166),(902,'벵에돔',62.43,100,'나쁨',15,166),(903,'감성돔',20,100,'매우나쁨',16,167),(904,'기타어종',20,0,'매우나쁨',16,167),(905,'농어',20,100,'매우나쁨',16,167),(906,'돌돔',20,40,'매우나쁨',16,167),(907,'열기',20,20,'매우나쁨',16,167),(908,'감성돔',20,100,'매우나쁨',16,168),(909,'기타어종',20,0,'매우나쁨',16,168),(910,'농어',20,100,'매우나쁨',16,168),(911,'돌돔',20,40,'매우나쁨',16,168),(912,'열기',20,20,'매우나쁨',16,168),(913,'감성돔',20,100,'매우나쁨',17,169),(914,'기타어종',20,0,'매우나쁨',17,169),(915,'농어',20,100,'매우나쁨',17,169),(916,'돌돔',20,40,'매우나쁨',17,169),(917,'볼락',20,20,'매우나쁨',17,169),(918,'열기',20,20,'매우나쁨',17,169),(919,'우럭',20,20,'매우나쁨',17,169),(920,'참돔',20,100,'매우나쁨',17,169),(921,'감성돔',20,100,'매우나쁨',17,170),(922,'기타어종',20,0,'매우나쁨',17,170),(923,'농어',20,100,'매우나쁨',17,170),(924,'돌돔',20,40,'매우나쁨',17,170),(925,'볼락',20,20,'매우나쁨',17,170),(926,'열기',20,20,'매우나쁨',17,170),(927,'우럭',20,20,'매우나쁨',17,170),(928,'참돔',20,100,'매우나쁨',17,170),(929,'기타어종',80.73,0,'보통',18,171),(930,'돌돔',72.96,40,'보통',18,171),(931,'벵에돔',86.29,100,'매우좋음',18,171),(932,'참돔',86.29,100,'매우좋음',18,171),(933,'기타어종',85.85,0,'좋음',18,172),(934,'돌돔',79.08,40,'좋음',18,172),(935,'벵에돔',89.46,100,'매우좋음',18,172),(936,'참돔',89.46,100,'매우좋음',18,172),(937,'기타어종',40.9,0,'매우나쁨',19,173),(938,'돌돔',41.13,40,'매우나쁨',19,173),(939,'벵에돔',55.01,100,'나쁨',19,173),(940,'참돔',55.01,100,'나쁨',19,173),(941,'기타어종',46.28,0,'매우나쁨',19,174),(942,'돌돔',45.83,40,'매우나쁨',19,174),(943,'벵에돔',58.76,100,'나쁨',19,174),(944,'참돔',58.76,100,'나쁨',19,174),(945,'기타어종',62.77,0,'나쁨',20,175),(946,'농어',65.02,100,'보통',20,175),(947,'우럭',56.56,20,'나쁨',20,175),(948,'기타어종',65.01,0,'보통',20,176),(949,'농어',66.99,100,'보통',20,176),(950,'우럭',58.53,20,'나쁨',20,176),(951,'감성돔',70.43,100,'보통',21,177),(952,'기타어종',65.49,0,'보통',21,177),(953,'우럭',63.3,20,'나쁨',21,177),(954,'감성돔',73.07,100,'보통',21,178),(955,'기타어종',68.87,0,'보통',21,178),(956,'우럭',65.03,20,'보통',21,178),(957,'감성돔',62.1,100,'나쁨',22,179),(958,'기타어종',55.96,0,'나쁨',22,179),(959,'우럭',53.27,20,'나쁨',22,179),(960,'감성돔',59.14,100,'나쁨',22,180),(961,'기타어종',52.46,0,'나쁨',22,180),(962,'우럭',50.52,20,'나쁨',22,180),(963,'감성돔',20,100,'매우나쁨',23,181),(964,'기타어종',20,0,'매우나쁨',23,181),(965,'농어',20,100,'매우나쁨',23,181),(966,'돌돔',20,40,'매우나쁨',23,181),(967,'열기',20,20,'매우나쁨',23,181),(968,'우럭',20,20,'매우나쁨',23,181),(969,'참돔',20,100,'매우나쁨',23,181),(970,'감성돔',20,100,'매우나쁨',23,182),(971,'기타어종',20,0,'매우나쁨',23,182),(972,'농어',20,100,'매우나쁨',23,182),(973,'돌돔',20,40,'매우나쁨',23,182),(974,'열기',20,20,'매우나쁨',23,182),(975,'우럭',20,20,'매우나쁨',23,182),(976,'참돔',20,100,'매우나쁨',23,182),(977,'감성돔',71.63,100,'보통',24,183),(978,'기타어종',61.89,0,'나쁨',24,183),(979,'농어',73.96,100,'보통',24,183),(980,'돌돔',57.91,40,'나쁨',24,183),(981,'벵에돔',73.96,100,'보통',24,183),(982,'우럭',60.63,20,'나쁨',24,183),(983,'참돔',70.85,100,'보통',24,183),(984,'감성돔',77.42,100,'좋음',24,184),(985,'기타어종',70.31,0,'보통',24,184),(986,'농어',80.45,100,'좋음',24,184),(987,'돌돔',63.93,40,'나쁨',24,184),(988,'벵에돔',78.58,100,'좋음',24,184),(989,'우럭',67.12,20,'보통',24,184),(990,'참돔',76.72,100,'보통',24,184),(991,'기타어종',43.75,0,'매우나쁨',25,185),(992,'농어',51.27,100,'나쁨',25,185),(993,'우럭',42.43,20,'매우나쁨',25,185),(994,'기타어종',51.73,0,'나쁨',25,186),(995,'농어',58.78,100,'나쁨',25,186),(996,'우럭',49.08,20,'나쁨',25,186),(997,'감성돔',62.43,100,'나쁨',26,187),(998,'기타어종',54.98,0,'나쁨',26,187),(999,'우럭',54.37,20,'나쁨',26,187),(1000,'감성돔',60.66,100,'나쁨',26,188),(1001,'기타어종',53.09,0,'나쁨',26,188),(1002,'우럭',52.67,20,'나쁨',26,188),(1003,'감성돔',82.84,100,'좋음',27,189),(1004,'기타어종',76,0,'보통',27,189),(1005,'돌돔',71.93,40,'보통',27,189),(1006,'벵에돔',84.59,100,'좋음',27,189),(1007,'볼락',73.62,20,'보통',27,189),(1008,'참돔',82.1,100,'좋음',27,189),(1009,'감성돔',83.32,100,'좋음',27,190),(1010,'기타어종',76.35,0,'보통',27,190),(1011,'돌돔',69.76,40,'보통',27,190),(1012,'벵에돔',84.87,100,'좋음',27,190),(1013,'볼락',73.16,20,'보통',27,190),(1014,'참돔',82.6,100,'좋음',27,190),(1015,'기타어종',72.19,0,'보통',28,191),(1016,'돌돔',66.7,40,'보통',28,191),(1017,'벵에돔',75.71,100,'보통',28,191),(1018,'볼락',67.48,20,'보통',28,191),(1019,'열기',68.23,20,'보통',28,191),(1020,'우럭',68.23,20,'보통',28,191),(1021,'참돔',75.5,100,'보통',28,191),(1022,'기타어종',71.68,0,'보통',28,192),(1023,'돌돔',66.71,40,'보통',28,192),(1024,'벵에돔',75.95,100,'보통',28,192),(1025,'볼락',67.6,20,'보통',28,192),(1026,'열기',68.16,20,'보통',28,192),(1027,'우럭',68.16,20,'보통',28,192),(1028,'참돔',75.54,100,'보통',28,192),(1029,'감성돔',76.1,100,'보통',29,193),(1030,'기타어종',66.51,0,'보통',29,193),(1031,'농어',78.79,100,'좋음',29,193),(1032,'돌돔',62.4,40,'나쁨',29,193),(1033,'벵에돔',77.85,100,'좋음',29,193),(1034,'볼락',65.94,20,'보통',29,193),(1035,'우럭',65.94,20,'보통',29,193),(1036,'참돔',75.37,100,'보통',29,193),(1037,'감성돔',76.1,100,'보통',29,194),(1038,'기타어종',69.84,0,'보통',29,194),(1039,'농어',78.9,100,'좋음',29,194),(1040,'돌돔',65.32,40,'보통',29,194),(1041,'벵에돔',77.65,100,'좋음',29,194),(1042,'볼락',69.41,20,'보통',29,194),(1043,'우럭',69.41,20,'보통',29,194),(1044,'참돔',75.38,100,'보통',29,194),(1045,'감성돔',60.98,100,'나쁨',30,195),(1046,'기타어종',51.72,0,'나쁨',30,195),(1047,'농어',63.2,100,'나쁨',30,195),(1048,'벵에돔',59.23,100,'나쁨',30,195),(1049,'볼락',50.56,20,'나쁨',30,195),(1050,'감성돔',52.94,100,'나쁨',30,196),(1051,'기타어종',42.88,0,'매우나쁨',30,196),(1052,'농어',55.15,100,'나쁨',30,196),(1053,'벵에돔',51.19,100,'나쁨',30,196),(1054,'볼락',42.51,20,'매우나쁨',30,196),(1055,'감성돔',51.79,100,'나쁨',31,197),(1056,'기타어종',38.92,0,'매우나쁨',31,197),(1057,'농어',53.54,100,'나쁨',31,197),(1058,'돌돔',37.48,40,'매우나쁨',31,197),(1059,'벵에돔',53.54,100,'나쁨',31,197),(1060,'볼락',40.2,20,'매우나쁨',31,197),(1061,'참돔',50.95,100,'나쁨',31,197),(1062,'감성돔',54.92,100,'나쁨',31,198),(1063,'기타어종',43.36,0,'매우나쁨',31,198),(1064,'농어',56.79,100,'나쁨',31,198),(1065,'돌돔',41.61,40,'매우나쁨',31,198),(1066,'벵에돔',56.79,100,'나쁨',31,198),(1067,'볼락',44.36,20,'매우나쁨',31,198),(1068,'참돔',54.09,100,'나쁨',31,198),(1069,'감성돔',65.57,100,'보통',32,199),(1070,'기타어종',55.1,0,'나쁨',32,199),(1071,'농어',68.96,100,'보통',32,199),(1072,'벵에돔',65.77,100,'보통',32,199),(1073,'볼락',56.4,20,'나쁨',32,199),(1074,'열기',56.59,20,'나쁨',32,199),(1075,'우럭',56.59,20,'나쁨',32,199),(1076,'감성돔',62.06,100,'나쁨',32,200),(1077,'기타어종',52.42,0,'나쁨',32,200),(1078,'농어',65.33,100,'보통',32,200),(1079,'벵에돔',62.06,100,'나쁨',32,200),(1080,'볼락',52.82,20,'나쁨',32,200),(1081,'열기',53.19,20,'나쁨',32,200),(1082,'우럭',53.19,20,'나쁨',32,200),(1083,'감성돔',20,100,'매우나쁨',33,201),(1084,'기타어종',20,0,'매우나쁨',33,201),(1085,'돌돔',20,40,'매우나쁨',33,201),(1086,'벵에돔',20,100,'매우나쁨',33,201),(1087,'열기',20,20,'매우나쁨',33,201),(1088,'감성돔',20,100,'매우나쁨',33,202),(1089,'기타어종',20,0,'매우나쁨',33,202),(1090,'돌돔',20,40,'매우나쁨',33,202),(1091,'벵에돔',20,100,'매우나쁨',33,202),(1092,'열기',20,20,'매우나쁨',33,202),(1093,'감성돔',73.5,100,'보통',34,203),(1094,'기타어종',66.97,0,'보통',34,203),(1095,'벵에돔',72.13,100,'보통',34,203),(1096,'볼락',63.72,20,'나쁨',34,203),(1097,'열기',65.4,20,'보통',34,203),(1098,'우럭',65.4,20,'보통',34,203),(1099,'감성돔',75.37,100,'보통',34,204),(1100,'기타어종',70.44,0,'보통',34,204),(1101,'벵에돔',73.82,100,'보통',34,204),(1102,'볼락',65.52,20,'보통',34,204),(1103,'열기',67.39,20,'보통',34,204),(1104,'우럭',67.39,20,'보통',34,204),(1105,'감성돔',63.64,100,'나쁨',1,205),(1106,'기타어종',55.16,0,'나쁨',1,205),(1107,'농어',67.02,100,'보통',1,205),(1108,'돌돔',50.35,40,'나쁨',1,205),(1109,'우럭',53.84,20,'나쁨',1,205),(1110,'참돔',62.97,100,'나쁨',1,205),(1111,'감성돔',67.31,100,'보통',2,206),(1112,'기타어종',59.15,0,'나쁨',2,206),(1113,'농어',69.06,100,'보통',2,206),(1114,'벵에돔',69.06,100,'보통',2,206),(1115,'볼락',55.73,20,'나쁨',2,206),(1116,'열기',55.73,20,'나쁨',2,206),(1117,'우럭',55.73,20,'나쁨',2,206),(1118,'참돔',66.47,100,'보통',2,206),(1119,'감성돔',82.48,100,'좋음',3,207),(1120,'기타어종',81.07,0,'좋음',3,207),(1121,'농어',85.75,100,'매우좋음',3,207),(1122,'돌돔',70.96,40,'보통',3,207),(1123,'벵에돔',83.26,100,'좋음',3,207),(1124,'볼락',76.59,20,'보통',3,207),(1125,'우럭',76.59,20,'보통',3,207),(1126,'참돔',81.8,100,'좋음',3,207),(1127,'감성돔',68.5,100,'보통',4,208),(1128,'기타어종',65.76,0,'보통',4,208),(1129,'농어',68.5,100,'보통',4,208),(1130,'우럭',57.07,20,'나쁨',4,208),(1131,'기타어종',77.59,0,'보통',5,209),(1132,'우럭',67.67,20,'보통',5,209),(1133,'기타어종',57.69,0,'나쁨',6,210),(1134,'농어',66.51,100,'보통',6,210),(1135,'돌돔',53.94,40,'나쁨',6,210),(1136,'벵에돔',66.51,100,'보통',6,210),(1137,'우럭',54.32,20,'나쁨',6,210),(1138,'참돔',66.51,100,'보통',6,210),(1139,'감성돔',75.59,100,'보통',7,211),(1140,'기타어종',71.34,0,'보통',7,211),(1141,'돌돔',63.65,40,'나쁨',7,211),(1142,'우럭',67.73,20,'보통',7,211),(1143,'감성돔',73.44,100,'보통',8,212),(1144,'기타어종',68.03,0,'보통',8,212),(1145,'농어',75.77,100,'보통',8,212),(1146,'우럭',67.21,20,'보통',8,212),(1147,'감성돔',77.93,100,'좋음',9,213),(1148,'기타어종',74.63,0,'보통',9,213),(1149,'우럭',70.05,20,'보통',9,213),(1150,'기타어종',69.84,0,'보통',10,214),(1151,'우럭',64.32,20,'보통',10,214),(1152,'감성돔',81.33,100,'좋음',11,215),(1153,'기타어종',75.65,0,'보통',11,215),(1154,'농어',83.31,100,'좋음',11,215),(1155,'돌돔',67.41,40,'보통',11,215),(1156,'벵에돔',83.31,100,'좋음',11,215),(1157,'볼락',69.98,20,'보통',11,215),(1158,'열기',69.98,20,'보통',11,215),(1159,'우럭',69.98,20,'보통',11,215),(1160,'참돔',80.51,100,'좋음',11,215),(1161,'감성돔',74.43,100,'보통',12,216),(1162,'기타어종',67.86,0,'보통',12,216),(1163,'농어',76.53,100,'보통',12,216),(1164,'벵에돔',76.53,100,'보통',12,216),(1165,'볼락',63.2,20,'나쁨',12,216),(1166,'열기',63.2,20,'나쁨',12,216),(1167,'우럭',63.2,20,'나쁨',12,216),(1168,'참돔',73.62,100,'보통',12,216),(1169,'감성돔',79.66,100,'좋음',13,217),(1170,'기타어종',77.95,0,'보통',13,217),(1171,'농어',83.05,100,'좋음',13,217),(1172,'돌돔',69.39,40,'보통',13,217),(1173,'벵에돔',80.25,100,'좋음',13,217),(1174,'볼락',73.08,20,'보통',13,217),(1175,'우럭',73.08,20,'보통',13,217),(1176,'참돔',79,100,'좋음',13,217),(1177,'감성돔',66.74,100,'보통',14,218),(1178,'기타어종',64.47,0,'나쁨',14,218),(1179,'농어',66.04,100,'보통',14,218),(1180,'돌돔',56.9,40,'나쁨',14,218),(1181,'볼락',54.97,20,'나쁨',14,218),(1182,'우럭',58.7,20,'나쁨',14,218),(1183,'참돔',66.65,100,'보통',14,218),(1184,'감성돔',76.2,100,'보통',15,219),(1185,'기타어종',68.36,0,'보통',15,219),(1186,'돌돔',64.68,40,'보통',15,219),(1187,'벵에돔',76.2,100,'보통',15,219),(1188,'감성돔',62.6,100,'나쁨',16,220),(1189,'기타어종',58.42,0,'나쁨',16,220),(1190,'농어',61.44,100,'나쁨',16,220),(1191,'돌돔',50.87,40,'나쁨',16,220),(1192,'열기',51.28,20,'나쁨',16,220),(1193,'감성돔',64.07,100,'보통',17,221),(1194,'기타어종',56.92,0,'나쁨',17,221),(1195,'농어',66.4,100,'보통',17,221),(1196,'돌돔',50.93,40,'나쁨',17,221),(1197,'볼락',53.6,20,'나쁨',17,221),(1198,'열기',55.46,20,'나쁨',17,221),(1199,'우럭',55.46,20,'나쁨',17,221),(1200,'참돔',63.56,100,'나쁨',17,221),(1201,'기타어종',70.63,0,'보통',18,222),(1202,'돌돔',66.64,40,'보통',18,222),(1203,'벵에돔',76.55,100,'보통',18,222),(1204,'참돔',76.55,100,'보통',18,222),(1205,'기타어종',59.64,0,'나쁨',19,223),(1206,'돌돔',54.77,40,'나쁨',19,223),(1207,'벵에돔',68.65,100,'보통',19,223),(1208,'참돔',68.65,100,'보통',19,223),(1209,'기타어종',66.8,0,'보통',20,224),(1210,'농어',68.14,100,'보통',20,224),(1211,'우럭',58.75,20,'나쁨',20,224),(1212,'감성돔',75.56,100,'보통',21,225),(1213,'기타어종',73.64,0,'보통',21,225),(1214,'우럭',67.31,20,'보통',21,225),(1215,'감성돔',73.94,100,'보통',22,226),(1216,'기타어종',67.89,0,'보통',22,226),(1217,'우럭',65.95,20,'보통',22,226),(1218,'감성돔',68.46,100,'보통',23,227),(1219,'기타어종',63.94,0,'나쁨',23,227),(1220,'농어',68.23,100,'보통',23,227),(1221,'돌돔',56.49,40,'나쁨',23,227),(1222,'열기',58.04,20,'나쁨',23,227),(1223,'우럭',60.94,20,'나쁨',23,227),(1224,'참돔',68.23,100,'보통',23,227),(1225,'감성돔',67.43,100,'보통',24,228),(1226,'기타어종',60.6,0,'나쁨',24,228),(1227,'농어',70.69,100,'보통',24,228),(1228,'돌돔',54.02,40,'나쁨',24,228),(1229,'벵에돔',68.21,100,'보통',24,228),(1230,'우럭',57.36,20,'나쁨',24,228),(1231,'참돔',66.75,100,'보통',24,228),(1232,'기타어종',77.07,0,'보통',25,229),(1233,'농어',79.4,100,'좋음',25,229),(1234,'우럭',68.76,20,'보통',25,229),(1235,'감성돔',74.04,100,'보통',26,230),(1236,'기타어종',69.2,0,'보통',26,230),(1237,'우럭',65.84,20,'보통',26,230),(1238,'감성돔',74.7,100,'보통',27,231),(1239,'기타어종',69.16,0,'보통',27,231),(1240,'돌돔',64.06,40,'보통',27,231),(1241,'벵에돔',75.08,100,'보통',27,231),(1242,'볼락',66.29,20,'보통',27,231),(1243,'참돔',74.04,100,'보통',27,231),(1244,'기타어종',57.03,0,'나쁨',28,232),(1245,'돌돔',55.41,40,'나쁨',28,232),(1246,'벵에돔',66.75,100,'보통',28,232),(1247,'볼락',56.16,20,'나쁨',28,232),(1248,'열기',56.16,20,'나쁨',28,232),(1249,'우럭',56.16,20,'나쁨',28,232),(1250,'참돔',64.47,100,'보통',28,232),(1251,'감성돔',79.34,100,'좋음',29,233),(1252,'기타어종',76.32,0,'보통',29,233),(1253,'농어',82.26,100,'좋음',29,233),(1254,'돌돔',68.6,40,'보통',29,233),(1255,'벵에돔',80.71,100,'좋음',29,233),(1256,'볼락',72.77,20,'보통',29,233),(1257,'우럭',72.77,20,'보통',29,233),(1258,'참돔',78.63,100,'좋음',29,233),(1259,'감성돔',71.2,100,'보통',30,234),(1260,'기타어종',65.38,0,'보통',30,234),(1261,'농어',73.18,100,'보통',30,234),(1262,'벵에돔',69.06,100,'보통',30,234),(1263,'볼락',60.63,20,'나쁨',30,234),(1264,'감성돔',64.68,100,'보통',31,235),(1265,'기타어종',55.9,0,'나쁨',31,235),(1266,'농어',66.89,100,'보통',31,235),(1267,'돌돔',50.63,40,'나쁨',31,235),(1268,'벵에돔',66.89,100,'보통',31,235),(1269,'볼락',53.71,20,'나쁨',31,235),(1270,'참돔',63.88,100,'나쁨',31,235),(1271,'감성돔',63.56,100,'나쁨',32,236),(1272,'기타어종',58.59,0,'나쁨',32,236),(1273,'농어',66.6,100,'보통',32,236),(1274,'벵에돔',63.18,100,'나쁨',32,236),(1275,'볼락',57.36,20,'나쁨',32,236),(1276,'열기',58.11,20,'나쁨',32,236),(1277,'우럭',58.11,20,'나쁨',32,236),(1278,'감성돔',66.88,100,'보통',33,237),(1279,'기타어종',61.69,0,'나쁨',33,237),(1280,'돌돔',54.7,40,'나쁨',33,237),(1281,'벵에돔',64.16,100,'보통',33,237),(1282,'열기',58.65,20,'나쁨',33,237),(1283,'감성돔',66.91,100,'보통',34,238),(1284,'기타어종',60.74,0,'나쁨',34,238),(1285,'벵에돔',65.74,100,'보통',34,238),(1286,'볼락',57.2,20,'나쁨',34,238),(1287,'열기',58.7,20,'나쁨',34,238),(1288,'우럭',58.7,20,'나쁨',34,238),(1289,'감성돔',77.56,100,'좋음',1,239),(1290,'기타어종',76.54,0,'보통',1,239),(1291,'농어',80.94,100,'좋음',1,239),(1292,'돌돔',64.28,40,'보통',1,239),(1293,'우럭',67.76,20,'보통',1,239),(1294,'참돔',76.9,100,'보통',1,239),(1295,'감성돔',67.27,100,'보통',2,240),(1296,'기타어종',62.19,0,'나쁨',2,240),(1297,'농어',68.2,100,'보통',2,240),(1298,'벵에돔',68.2,100,'보통',2,240),(1299,'볼락',54.87,20,'나쁨',2,240),(1300,'열기',54.4,20,'나쁨',2,240),(1301,'우럭',54.87,20,'나쁨',2,240),(1302,'참돔',66.34,100,'보통',2,240),(1303,'감성돔',69.26,100,'보통',3,241),(1304,'기타어종',65.6,0,'보통',3,241),(1305,'농어',72.05,100,'보통',3,241),(1306,'돌돔',55.82,40,'나쁨',3,241),(1307,'벵에돔',70.81,100,'보통',3,241),(1308,'볼락',58.72,20,'나쁨',3,241),(1309,'우럭',58.72,20,'나쁨',3,241),(1310,'참돔',68.53,100,'보통',3,241),(1311,'감성돔',77.89,100,'좋음',4,242),(1312,'기타어종',82.33,0,'좋음',4,242),(1313,'농어',77.89,100,'좋음',4,242),(1314,'우럭',66.45,20,'보통',4,242),(1315,'기타어종',81.72,0,'좋음',5,243),(1316,'우럭',67.02,20,'보통',5,243),(1317,'기타어종',77.06,0,'보통',6,244),(1318,'농어',79.77,100,'좋음',6,244),(1319,'돌돔',67.2,40,'보통',6,244),(1320,'벵에돔',79.77,100,'좋음',6,244),(1321,'우럭',67.58,20,'보통',6,244),(1322,'참돔',79.77,100,'좋음',6,244),(1323,'감성돔',78.65,100,'좋음',7,245),(1324,'기타어종',79.06,0,'보통',7,245),(1325,'돌돔',66.79,40,'보통',7,245),(1326,'우럭',70.65,20,'보통',7,245),(1327,'감성돔',74.27,100,'보통',8,246),(1328,'기타어종',72.17,0,'보통',8,246),(1329,'농어',76.02,100,'보통',8,246),(1330,'우럭',66.32,20,'보통',8,246),(1331,'감성돔',75.83,100,'보통',9,247),(1332,'기타어종',76.14,0,'보통',9,247),(1333,'우럭',67.49,20,'보통',9,247),(1334,'기타어종',72.84,0,'보통',10,248),(1335,'우럭',62.83,20,'나쁨',10,248),(1336,'감성돔',69.6,100,'보통',11,249),(1337,'기타어종',64.91,0,'나쁨',11,249),(1338,'농어',71.58,100,'보통',11,249),(1339,'돌돔',55.68,40,'나쁨',11,249),(1340,'벵에돔',71.58,100,'보통',11,249),(1341,'볼락',58.25,20,'나쁨',11,249),(1342,'열기',58.25,20,'나쁨',11,249),(1343,'우럭',58.25,20,'나쁨',11,249),(1344,'참돔',68.78,100,'보통',11,249),(1345,'감성돔',71.51,100,'보통',12,250),(1346,'기타어종',66.95,0,'보통',12,250),(1347,'농어',73.26,100,'보통',12,250),(1348,'벵에돔',73.26,100,'보통',12,250),(1349,'볼락',59.93,20,'나쁨',12,250),(1350,'열기',59.93,20,'나쁨',12,250),(1351,'우럭',59.93,20,'나쁨',12,250),(1352,'참돔',70.67,100,'보통',12,250),(1353,'감성돔',69.17,100,'보통',13,251),(1354,'기타어종',66,0,'보통',13,251),(1355,'농어',72.32,100,'보통',13,251),(1356,'돌돔',56.03,40,'나쁨',13,251),(1357,'벵에돔',70.14,100,'보통',13,251),(1358,'볼락',59.08,20,'나쁨',13,251),(1359,'우럭',59.08,20,'나쁨',13,251),(1360,'참돔',68.48,100,'보통',13,251),(1361,'감성돔',74.98,100,'보통',14,252),(1362,'기타어종',79.2,0,'보통',14,252),(1363,'농어',74.17,100,'보통',14,252),(1364,'돌돔',63.44,40,'나쁨',14,252),(1365,'볼락',62.51,20,'나쁨',14,252),(1366,'우럭',66.24,20,'보통',14,252),(1367,'참돔',74.89,100,'보통',14,252),(1368,'감성돔',94.45,100,'매우좋음',15,253),(1369,'기타어종',93.82,0,'매우좋음',15,253),(1370,'돌돔',83.62,40,'좋음',15,253),(1371,'벵에돔',94.45,100,'매우좋음',15,253),(1372,'감성돔',67.68,100,'보통',16,254),(1373,'기타어종',69.54,0,'보통',16,254),(1374,'농어',66.74,100,'보통',16,254),(1375,'돌돔',56.18,40,'나쁨',16,254),(1376,'열기',56.12,20,'나쁨',16,254),(1377,'감성돔',72.78,100,'보통',17,255),(1378,'기타어종',71.73,0,'보통',17,255),(1379,'농어',75.12,100,'보통',17,255),(1380,'돌돔',59.64,40,'나쁨',17,255),(1381,'볼락',62.31,20,'나쁨',17,255),(1382,'열기',64.18,20,'보통',17,255),(1383,'우럭',64.18,20,'보통',17,255),(1384,'참돔',72.27,100,'보통',17,255),(1385,'기타어종',81.33,0,'좋음',18,256),(1386,'돌돔',73.27,40,'보통',18,256),(1387,'벵에돔',82.95,100,'좋음',18,256),(1388,'참돔',82.95,100,'좋음',18,256),(1389,'기타어종',71.43,0,'보통',19,257),(1390,'돌돔',61.84,40,'나쁨',19,257),(1391,'벵에돔',75.65,100,'보통',19,257),(1392,'참돔',75.65,100,'보통',19,257),(1393,'기타어종',85.57,0,'좋음',20,258),(1394,'농어',79.81,100,'좋음',20,258),(1395,'우럭',70.23,20,'보통',20,258),(1396,'감성돔',72.89,100,'보통',21,259),(1397,'기타어종',75.34,0,'보통',21,259),(1398,'우럭',64.78,20,'보통',21,259),(1399,'감성돔',83.98,100,'좋음',22,260),(1400,'기타어종',82.77,0,'좋음',22,260),(1401,'우럭',76.2,20,'보통',22,260),(1402,'감성돔',65.85,100,'보통',23,261),(1403,'기타어종',65.16,0,'보통',23,261),(1404,'농어',65.61,100,'보통',23,261),(1405,'돌돔',53.36,40,'나쁨',23,261),(1406,'열기',54.8,20,'나쁨',23,261),(1407,'우럭',57.7,20,'나쁨',23,261),(1408,'참돔',65.61,100,'보통',23,261),(1409,'감성돔',64.24,100,'보통',24,262),(1410,'기타어종',61.2,0,'나쁨',24,262),(1411,'농어',67.5,100,'보통',24,262),(1412,'돌돔',50.98,40,'나쁨',24,262),(1413,'벵에돔',64.24,100,'보통',24,262),(1414,'우럭',54.64,20,'나쁨',24,262),(1415,'참돔',63.62,100,'나쁨',24,262),(1416,'기타어종',71.65,0,'보통',25,263),(1417,'농어',70.63,100,'보통',25,263),(1418,'우럭',59.62,20,'나쁨',25,263),(1419,'감성돔',82.75,100,'좋음',26,264),(1420,'기타어종',84.54,0,'좋음',26,264),(1421,'우럭',77.35,20,'좋음',26,264),(1422,'감성돔',68.3,100,'보통',27,265),(1423,'기타어종',65.43,0,'보통',27,265),(1424,'돌돔',55.01,40,'나쁨',27,265),(1425,'벵에돔',68.5,100,'보통',27,265),(1426,'볼락',58.77,20,'나쁨',27,265),(1427,'참돔',67.67,100,'보통',27,265),(1428,'기타어종',66.43,0,'보통',28,266),(1429,'돌돔',59.02,40,'나쁨',28,266),(1430,'벵에돔',71.91,100,'보통',28,266),(1431,'볼락',61.06,20,'나쁨',28,266),(1432,'열기',61.06,20,'나쁨',28,266),(1433,'우럭',61.06,20,'나쁨',28,266),(1434,'참돔',70.45,100,'보통',28,266),(1435,'감성돔',73.36,100,'보통',29,267),(1436,'기타어종',70.07,0,'보통',29,267),(1437,'농어',76.16,100,'보통',29,267),(1438,'돌돔',59.7,40,'나쁨',29,267),(1439,'벵에돔',74.91,100,'보통',29,267),(1440,'볼락',63.31,20,'나쁨',29,267),(1441,'우럭',63.31,20,'나쁨',29,267),(1442,'참돔',72.63,100,'보통',29,267),(1443,'감성돔',73.53,100,'보통',30,268),(1444,'기타어종',71.44,0,'보통',30,268),(1445,'농어',75.52,100,'보통',30,268),(1446,'벵에돔',71.4,100,'보통',30,268),(1447,'볼락',62.97,20,'나쁨',30,268),(1448,'감성돔',72.64,100,'보통',31,269),(1449,'기타어종',69.75,0,'보통',31,269),(1450,'농어',74.5,100,'보통',31,269),(1451,'돌돔',58.48,40,'나쁨',31,269),(1452,'벵에돔',74.5,100,'보통',31,269),(1453,'볼락',61.32,20,'나쁨',31,269),(1454,'참돔',71.81,100,'보통',31,269),(1455,'감성돔',74.36,100,'보통',32,270),(1456,'기타어종',73.94,0,'보통',32,270),(1457,'농어',77.39,100,'좋음',32,270),(1458,'벵에돔',73.97,100,'보통',32,270),(1459,'볼락',68.16,20,'보통',32,270),(1460,'열기',68.9,20,'보통',32,270),(1461,'우럭',68.9,20,'보통',32,270),(1462,'감성돔',70.92,100,'보통',33,271),(1463,'기타어종',71.5,0,'보통',33,271),(1464,'돌돔',58.66,40,'나쁨',33,271),(1465,'벵에돔',68.58,100,'보통',33,271),(1466,'열기',62.92,20,'나쁨',33,271),(1467,'감성돔',68.84,100,'보통',34,272),(1468,'기타어종',66.91,0,'보통',34,272),(1469,'벵에돔',67.29,100,'보통',34,272),(1470,'볼락',58.99,20,'나쁨',34,272),(1471,'열기',60.86,20,'나쁨',34,272),(1472,'우럭',60.86,20,'나쁨',34,272),(1473,'감성돔',35.72,40,'매우나쁨',1,273),(1474,'기타어종',31.01,0,'매우나쁨',1,273),(1475,'농어',38.99,40,'매우나쁨',1,273),(1476,'돌돔',36.55,100,'매우나쁨',1,273),(1477,'우럭',35.6,40,'매우나쁨',1,273),(1478,'참돔',35.1,40,'매우나쁨',1,273),(1479,'감성돔',45.02,40,'매우나쁨',2,274),(1480,'기타어종',39.8,0,'매우나쁨',2,274),(1481,'농어',46.07,40,'매우나쁨',2,274),(1482,'벵에돔',46.07,40,'매우나쁨',2,274),(1483,'볼락',42.07,40,'매우나쁨',2,274),(1484,'열기',41.83,40,'매우나쁨',2,274),(1485,'우럭',42.07,40,'매우나쁨',2,274),(1486,'참돔',44.1,40,'매우나쁨',2,274),(1487,'감성돔',57.4,40,'나쁨',3,275),(1488,'기타어종',59.35,0,'나쁨',3,275),(1489,'농어',60.08,40,'나쁨',3,275),(1490,'돌돔',59.68,100,'나쁨',3,275),(1491,'벵에돔',59.15,40,'나쁨',3,275),(1492,'볼락',60.26,40,'나쁨',3,275),(1493,'우럭',60.26,40,'나쁨',3,275),(1494,'참돔',56.67,40,'나쁨',3,275),(1495,'감성돔',30.99,40,'매우나쁨',4,276),(1496,'기타어종',30.7,0,'매우나쁨',4,276),(1497,'농어',30.99,40,'매우나쁨',4,276),(1498,'우럭',29.07,40,'매우나쁨',4,276),(1499,'기타어종',32.14,0,'매우나쁨',5,277),(1500,'우럭',31.19,40,'매우나쁨',5,277),(1501,'기타어종',36.42,0,'매우나쁨',6,278),(1502,'농어',41.91,40,'매우나쁨',6,278),(1503,'돌돔',43.18,100,'매우나쁨',6,278),(1504,'벵에돔',41.91,40,'매우나쁨',6,278),(1505,'우럭',39.05,40,'매우나쁨',6,278),(1506,'참돔',41.7,40,'매우나쁨',6,278),(1507,'감성돔',46.37,40,'매우나쁨',7,279),(1508,'기타어종',45.04,0,'매우나쁨',7,279),(1509,'돌돔',48.59,100,'매우나쁨',7,279),(1510,'우럭',47.56,40,'매우나쁨',7,279),(1511,'감성돔',48.44,40,'매우나쁨',8,280),(1512,'기타어종',48.62,0,'매우나쁨',8,280),(1513,'농어',49.26,40,'나쁨',8,280),(1514,'우럭',52.51,40,'나쁨',8,280),(1515,'감성돔',32.56,40,'매우나쁨',9,281),(1516,'기타어종',29.12,0,'매우나쁨',9,281),(1517,'우럭',33.74,40,'매우나쁨',9,281),(1518,'기타어종',35.72,0,'매우나쁨',10,282),(1519,'우럭',37.79,40,'매우나쁨',10,282),(1520,'감성돔',63.9,40,'나쁨',11,283),(1521,'기타어종',64.06,0,'나쁨',11,283),(1522,'농어',66.58,40,'보통',11,283),(1523,'돌돔',64.21,100,'보통',11,283),(1524,'벵에돔',65.65,40,'보통',11,283),(1525,'볼락',62.58,40,'나쁨',11,283),(1526,'열기',62.58,40,'나쁨',11,283),(1527,'우럭',62.58,40,'나쁨',11,283),(1528,'참돔',63.16,40,'나쁨',11,283),(1529,'감성돔',63.26,40,'나쁨',12,284),(1530,'기타어종',64.89,0,'나쁨',12,284),(1531,'농어',65.6,40,'보통',12,284),(1532,'벵에돔',65.6,40,'보통',12,284),(1533,'볼락',63.34,40,'나쁨',12,284),(1534,'열기',63.34,40,'나쁨',12,284),(1535,'우럭',63.34,40,'나쁨',12,284),(1536,'참돔',62.48,40,'나쁨',12,284),(1537,'감성돔',55.91,40,'나쁨',13,285),(1538,'기타어종',57.01,0,'나쁨',13,285),(1539,'농어',59.3,40,'나쁨',13,285),(1540,'돌돔',59.13,100,'나쁨',13,285),(1541,'벵에돔',56.5,40,'나쁨',13,285),(1542,'볼락',56.53,40,'나쁨',13,285),(1543,'우럭',56.53,40,'나쁨',13,285),(1544,'참돔',55.25,40,'나쁨',13,285),(1545,'감성돔',31.42,40,'매우나쁨',14,286),(1546,'기타어종',32.62,0,'매우나쁨',14,286),(1547,'농어',30.95,40,'매우나쁨',14,286),(1548,'돌돔',35.93,100,'매우나쁨',14,286),(1549,'볼락',29.67,40,'매우나쁨',14,286),(1550,'우럭',33.4,40,'매우나쁨',14,286),(1551,'참돔',31.37,40,'매우나쁨',14,286),(1552,'감성돔',41.48,40,'매우나쁨',15,287),(1553,'기타어종',35.38,0,'매우나쁨',15,287),(1554,'돌돔',44.96,100,'매우나쁨',15,287),(1555,'벵에돔',41.48,40,'매우나쁨',15,287),(1556,'감성돔',30.2,40,'매우나쁨',16,288),(1557,'기타어종',28.75,0,'매우나쁨',16,288),(1558,'농어',29.27,40,'매우나쁨',16,288),(1559,'돌돔',32.7,100,'매우나쁨',16,288),(1560,'열기',27.97,40,'매우나쁨',16,288),(1561,'감성돔',34.39,40,'매우나쁨',17,289),(1562,'기타어종',30.81,0,'매우나쁨',17,289),(1563,'농어',36.6,40,'매우나쁨',17,289),(1564,'돌돔',36.16,100,'매우나쁨',17,289),(1565,'볼락',33.69,40,'매우나쁨',17,289),(1566,'열기',35.51,40,'매우나쁨',17,289),(1567,'우럭',35.74,40,'매우나쁨',17,289),(1568,'참돔',33.89,40,'매우나쁨',17,289),(1569,'기타어종',80.14,0,'보통',18,290),(1570,'돌돔',80.32,100,'좋음',18,290),(1571,'벵에돔',76.54,40,'보통',18,290),(1572,'참돔',76.54,40,'보통',18,290),(1573,'기타어종',34.57,0,'매우나쁨',19,291),(1574,'돌돔',41.38,100,'매우나쁨',19,291),(1575,'벵에돔',40.39,40,'매우나쁨',19,291),(1576,'참돔',40.39,40,'매우나쁨',19,291),(1577,'기타어종',29.1,0,'매우나쁨',20,292),(1578,'농어',28.7,40,'매우나쁨',20,292),(1579,'우럭',28.45,40,'매우나쁨',20,292),(1580,'감성돔',46.44,40,'매우나쁨',21,293),(1581,'기타어종',48.08,0,'매우나쁨',21,293),(1582,'우럭',48.44,40,'매우나쁨',21,293),(1583,'감성돔',51.52,40,'나쁨',22,294),(1584,'기타어종',51.25,0,'나쁨',22,294),(1585,'우럭',52.24,40,'나쁨',22,294),(1586,'감성돔',30.89,40,'매우나쁨',23,295),(1587,'기타어종',27.12,0,'매우나쁨',23,295),(1588,'농어',30.54,40,'매우나쁨',23,295),(1589,'돌돔',32.46,100,'매우나쁨',23,295),(1590,'열기',29.06,40,'매우나쁨',23,295),(1591,'우럭',32,40,'매우나쁨',23,295),(1592,'참돔',30.67,40,'매우나쁨',23,295),(1593,'감성돔',41.68,40,'매우나쁨',24,296),(1594,'기타어종',39.47,0,'매우나쁨',24,296),(1595,'농어',44.48,40,'매우나쁨',24,296),(1596,'돌돔',42.19,100,'매우나쁨',24,296),(1597,'벵에돔',40.89,40,'매우나쁨',24,296),(1598,'우럭',41.88,40,'매우나쁨',24,296),(1599,'참돔',41.1,40,'매우나쁨',24,296),(1600,'기타어종',36.57,0,'매우나쁨',25,297),(1601,'농어',38.19,40,'매우나쁨',25,297),(1602,'우럭',36.81,40,'매우나쁨',25,297),(1603,'감성돔',49.79,40,'나쁨',26,298),(1604,'기타어종',51.58,0,'나쁨',26,298),(1605,'우럭',53.09,40,'나쁨',26,298),(1606,'감성돔',48.82,40,'매우나쁨',27,299),(1607,'기타어종',47.06,0,'매우나쁨',27,299),(1608,'돌돔',49.45,100,'나쁨',27,299),(1609,'벵에돔',49.41,40,'나쁨',27,299),(1610,'볼락',48.58,40,'매우나쁨',27,299),(1611,'참돔',48.16,40,'매우나쁨',27,299),(1612,'기타어종',42.45,0,'매우나쁨',28,300),(1613,'돌돔',46.85,100,'매우나쁨',28,300),(1614,'벵에돔',38.84,40,'매우나쁨',28,300),(1615,'볼락',41.56,40,'매우나쁨',28,300),(1616,'열기',43.1,40,'매우나쁨',28,300),(1617,'우럭',44.73,40,'매우나쁨',28,300),(1618,'참돔',41.32,40,'매우나쁨',28,300),(1619,'감성돔',63.09,40,'나쁨',29,301),(1620,'기타어종',65.5,0,'보통',29,301),(1621,'농어',66.12,40,'보통',29,301),(1622,'돌돔',66.38,100,'보통',29,301),(1623,'벵에돔',64.26,40,'보통',29,301),(1624,'볼락',65.97,40,'보통',29,301),(1625,'우럭',65.97,40,'보통',29,301),(1626,'참돔',62.39,40,'나쁨',29,301),(1627,'감성돔',58.02,40,'나쁨',30,302),(1628,'기타어종',58.75,0,'나쁨',30,302),(1629,'농어',59.42,40,'나쁨',30,302),(1630,'벵에돔',54.91,40,'나쁨',30,302),(1631,'볼락',56.44,40,'나쁨',30,302),(1632,'감성돔',36.67,40,'매우나쁨',31,303),(1633,'기타어종',32.21,0,'매우나쁨',31,303),(1634,'농어',38.54,40,'매우나쁨',31,303),(1635,'돌돔',38.95,100,'매우나쁨',31,303),(1636,'벵에돔',38.54,40,'매우나쁨',31,303),(1637,'볼락',36.26,40,'매우나쁨',31,303),(1638,'참돔',35.84,40,'매우나쁨',31,303),(1639,'감성돔',63.84,40,'나쁨',32,304),(1640,'기타어종',66.28,0,'보통',32,304),(1641,'농어',66.64,40,'보통',32,304),(1642,'벵에돔',63.06,40,'나쁨',32,304),(1643,'볼락',66.83,40,'보통',32,304),(1644,'열기',67.95,40,'보통',32,304),(1645,'우럭',67.95,40,'보통',32,304),(1646,'감성돔',38.73,40,'매우나쁨',33,305),(1647,'기타어종',37.45,0,'매우나쁨',33,305),(1648,'돌돔',41.48,100,'매우나쁨',33,305),(1649,'벵에돔',36.4,40,'매우나쁨',33,305),(1650,'열기',40.98,40,'매우나쁨',33,305),(1651,'감성돔',57.29,40,'나쁨',34,306),(1652,'기타어종',58.4,0,'나쁨',34,306),(1653,'벵에돔',54.58,40,'나쁨',34,306),(1654,'볼락',56.36,40,'나쁨',34,306),(1655,'열기',57.95,40,'나쁨',34,306),(1656,'우럭',59.35,40,'나쁨',34,306),(1657,'감성돔',45.79,40,'매우나쁨',1,307),(1658,'기타어종',41.79,0,'매우나쁨',1,307),(1659,'농어',49.06,40,'나쁨',1,307),(1660,'돌돔',46.62,100,'매우나쁨',1,307),(1661,'우럭',45.67,40,'매우나쁨',1,307),(1662,'참돔',45.17,40,'매우나쁨',1,307),(1663,'감성돔',58.69,40,'나쁨',2,308),(1664,'기타어종',54.43,0,'나쁨',2,308),(1665,'농어',60.21,40,'나쁨',2,308),(1666,'벵에돔',60.21,40,'나쁨',2,308),(1667,'볼락',56.21,40,'나쁨',2,308),(1668,'열기',56.21,40,'나쁨',2,308),(1669,'우럭',56.21,40,'나쁨',2,308),(1670,'참돔',57.83,40,'나쁨',2,308),(1671,'감성돔',58.98,40,'나쁨',3,309),(1672,'기타어종',59.09,0,'나쁨',3,309),(1673,'농어',62.48,40,'나쁨',3,309),(1674,'돌돔',61.54,100,'나쁨',3,309),(1675,'벵에돔',59.37,40,'나쁨',3,309),(1676,'볼락',62.66,40,'나쁨',3,309),(1677,'우럭',62.66,40,'나쁨',3,309),(1678,'참돔',58.33,40,'나쁨',3,309),(1679,'감성돔',54.2,40,'나쁨',4,310),(1680,'기타어종',56.24,0,'나쁨',4,310),(1681,'농어',54.2,40,'나쁨',4,310),(1682,'우럭',51.54,40,'나쁨',4,310),(1683,'기타어종',62.22,0,'나쁨',5,311),(1684,'우럭',57.3,40,'나쁨',5,311),(1685,'기타어종',46.2,0,'매우나쁨',6,312),(1686,'농어',52.27,40,'나쁨',6,312),(1687,'돌돔',53.93,100,'나쁨',6,312),(1688,'벵에돔',52.27,40,'나쁨',6,312),(1689,'우럭',49.41,40,'나쁨',6,312),(1690,'참돔',52.27,40,'나쁨',6,312),(1691,'감성돔',59.62,40,'나쁨',7,313),(1692,'기타어종',60.84,0,'나쁨',7,313),(1693,'돌돔',61.95,100,'나쁨',7,313),(1694,'우럭',60.59,40,'나쁨',7,313),(1695,'감성돔',57.54,40,'나쁨',8,314),(1696,'기타어종',58.84,0,'나쁨',8,314),(1697,'농어',58.24,40,'나쁨',8,314),(1698,'우럭',61.54,40,'나쁨',8,314),(1699,'감성돔',56.51,40,'나쁨',9,315),(1700,'기타어종',58.08,0,'나쁨',9,315),(1701,'우럭',57.34,40,'나쁨',9,315),(1702,'기타어종',61.27,0,'나쁨',10,316),(1703,'우럭',59.07,40,'나쁨',10,316),(1704,'감성돔',70.79,40,'보통',11,317),(1705,'기타어종',69.48,0,'보통',11,317),(1706,'농어',73.7,40,'보통',11,317),(1707,'돌돔',71.18,100,'보통',11,317),(1708,'벵에돔',72.15,40,'보통',11,317),(1709,'볼락',69.7,40,'보통',11,317),(1710,'열기',69.7,40,'보통',11,317),(1711,'우럭',69.7,40,'보통',11,317),(1712,'참돔',70.07,40,'보통',11,317),(1713,'감성돔',72.02,40,'보통',12,318),(1714,'기타어종',72.23,0,'보통',12,318),(1715,'농어',74.7,40,'보통',12,318),(1716,'벵에돔',73.76,40,'보통',12,318),(1717,'볼락',70.98,40,'보통',12,318),(1718,'열기',70.98,40,'보통',12,318),(1719,'우럭',70.98,40,'보통',12,318),(1720,'참돔',71.28,40,'보통',12,318),(1721,'감성돔',59.68,40,'나쁨',13,319),(1722,'기타어종',58.92,0,'나쁨',13,319),(1723,'농어',62.72,40,'나쁨',13,319),(1724,'돌돔',63.1,100,'나쁨',13,319),(1725,'벵에돔',59.3,40,'나쁨',13,319),(1726,'볼락',60.13,40,'나쁨',13,319),(1727,'우럭',60.88,40,'나쁨',13,319),(1728,'참돔',59.09,40,'나쁨',13,319),(1729,'감성돔',48.93,40,'매우나쁨',14,320),(1730,'기타어종',52.09,0,'나쁨',14,320),(1731,'농어',48.93,40,'매우나쁨',14,320),(1732,'돌돔',53.79,100,'나쁨',14,320),(1733,'볼락',46.07,40,'매우나쁨',14,320),(1734,'우럭',49.62,40,'나쁨',14,320),(1735,'참돔',48.93,40,'매우나쁨',14,320),(1736,'감성돔',53.75,40,'나쁨',15,321),(1737,'기타어종',46.92,0,'매우나쁨',15,321),(1738,'돌돔',54.69,100,'나쁨',15,321),(1739,'벵에돔',53.75,40,'나쁨',15,321),(1740,'감성돔',50.51,40,'나쁨',16,322),(1741,'기타어종',51.58,0,'나쁨',16,322),(1742,'농어',49.46,40,'나쁨',16,322),(1743,'돌돔',52.89,100,'나쁨',16,322),(1744,'열기',48.4,40,'매우나쁨',16,322),(1745,'감성돔',45.55,40,'매우나쁨',17,323),(1746,'기타어종',42.68,0,'매우나쁨',17,323),(1747,'농어',47.65,40,'매우나쁨',17,323),(1748,'돌돔',46.49,100,'매우나쁨',17,323),(1749,'볼락',44.27,40,'매우나쁨',17,323),(1750,'열기',46.04,40,'매우나쁨',17,323),(1751,'우럭',46.51,40,'매우나쁨',17,323),(1752,'참돔',45.06,40,'매우나쁨',17,323),(1753,'기타어종',79.17,0,'보통',18,324),(1754,'돌돔',80.63,100,'좋음',18,324),(1755,'벵에돔',76.93,40,'보통',18,324),(1756,'참돔',76.93,40,'보통',18,324),(1757,'기타어종',42.26,0,'매우나쁨',19,325),(1758,'돌돔',50.76,100,'나쁨',19,325),(1759,'벵에돔',48.03,40,'매우나쁨',19,325),(1760,'참돔',48.03,40,'매우나쁨',19,325),(1761,'기타어종',58,0,'나쁨',20,326),(1762,'농어',54.66,40,'나쁨',20,326),(1763,'우럭',53.66,40,'나쁨',20,326),(1764,'감성돔',55.9,40,'나쁨',21,327),(1765,'기타어종',58.38,0,'나쁨',21,327),(1766,'우럭',58.81,40,'나쁨',21,327),(1767,'감성돔',62.19,40,'나쁨',22,328),(1768,'기타어종',62.8,0,'나쁨',22,328),(1769,'우럭',63.25,40,'나쁨',22,328),(1770,'감성돔',51.08,40,'나쁨',23,329),(1771,'기타어종',51.17,0,'나쁨',23,329),(1772,'농어',50.49,40,'나쁨',23,329),(1773,'돌돔',53.22,100,'나쁨',23,329),(1774,'열기',49.64,40,'나쁨',23,329),(1775,'우럭',52.67,40,'나쁨',23,329),(1776,'참돔',50.88,40,'나쁨',23,329),(1777,'감성돔',57.1,40,'나쁨',24,330),(1778,'기타어종',58.05,0,'나쁨',24,330),(1779,'농어',58.15,40,'나쁨',24,330),(1780,'돌돔',58.19,100,'나쁨',24,330),(1781,'벵에돔',53.71,40,'나쁨',24,330),(1782,'우럭',58.86,40,'나쁨',24,330),(1783,'참돔',56.72,40,'나쁨',24,330),(1784,'기타어종',64.09,0,'나쁨',25,331),(1785,'농어',61.62,40,'나쁨',25,331),(1786,'우럭',59.68,40,'나쁨',25,331),(1787,'감성돔',59.39,40,'나쁨',26,332),(1788,'기타어종',62.79,0,'나쁨',26,332),(1789,'우럭',62.76,40,'나쁨',26,332),(1790,'감성돔',66.05,40,'보통',27,333),(1791,'기타어종',65.1,0,'보통',27,333),(1792,'돌돔',66.73,100,'보통',27,333),(1793,'벵에돔',66.44,40,'보통',27,333),(1794,'볼락',65.92,40,'보통',27,333),(1795,'참돔',65.4,40,'보통',27,333),(1796,'기타어종',52.72,0,'나쁨',28,334),(1797,'돌돔',56.9,100,'나쁨',28,334),(1798,'벵에돔',53.46,40,'나쁨',28,334),(1799,'볼락',53.56,40,'나쁨',28,334),(1800,'열기',55.06,40,'나쁨',28,334),(1801,'우럭',55.06,40,'나쁨',28,334),(1802,'참돔',54.08,40,'나쁨',28,334),(1803,'감성돔',55.82,40,'나쁨',29,335),(1804,'기타어종',54.61,0,'나쁨',29,335),(1805,'농어',59.32,40,'나쁨',29,335),(1806,'돌돔',59.28,100,'나쁨',29,335),(1807,'벵에돔',56.21,40,'나쁨',29,335),(1808,'볼락',59.17,40,'나쁨',29,335),(1809,'우럭',59.17,40,'나쁨',29,335),(1810,'참돔',55.17,40,'나쁨',29,335),(1811,'감성돔',61.17,40,'나쁨',30,336),(1812,'기타어종',61.79,0,'나쁨',30,336),(1813,'농어',62.34,40,'나쁨',30,336),(1814,'벵에돔',57.67,40,'나쁨',30,336),(1815,'볼락',59.45,40,'나쁨',30,336),(1816,'감성돔',51.68,40,'나쁨',31,337),(1817,'기타어종',47.98,0,'매우나쁨',31,337),(1818,'농어',53.78,40,'나쁨',31,337),(1819,'돌돔',54.04,100,'나쁨',31,337),(1820,'벵에돔',53.78,40,'나쁨',31,337),(1821,'볼락',51.51,40,'나쁨',31,337),(1822,'참돔',50.88,40,'나쁨',31,337),(1823,'감성돔',63.84,40,'나쁨',32,338),(1824,'기타어종',65.41,0,'보통',32,338),(1825,'농어',66.06,40,'보통',32,338),(1826,'벵에돔',62.09,40,'나쁨',32,338),(1827,'볼락',66.48,40,'보통',32,338),(1828,'열기',68.3,40,'보통',32,338),(1829,'우럭',68.54,40,'보통',32,338),(1830,'감성돔',55.96,40,'나쁨',33,339),(1831,'기타어종',56.4,0,'나쁨',33,339),(1832,'돌돔',58.83,100,'나쁨',33,339),(1833,'벵에돔',53.05,40,'나쁨',33,339),(1834,'열기',57.86,40,'나쁨',33,339),(1835,'감성돔',56.29,40,'나쁨',34,340),(1836,'기타어종',57.06,0,'나쁨',34,340),(1837,'벵에돔',52.79,40,'나쁨',34,340),(1838,'볼락',55.07,40,'나쁨',34,340),(1839,'열기',56.47,40,'나쁨',34,340),(1840,'우럭',58.8,40,'나쁨',34,340),(1841,NULL,72.7,-999,'보통',35,341),(1842,NULL,72.54,-999,'보통',35,342),(1843,NULL,61.55,-999,'보통',36,343),(1844,NULL,64.66,-999,'보통',36,344),(1845,NULL,82.33,-999,'좋음',37,345),(1846,NULL,74.18,-999,'보통',37,346),(1847,NULL,73.75,-999,'보통',38,347),(1848,NULL,75.01,-999,'보통',38,348),(1849,NULL,68.78,-999,'보통',39,349),(1850,NULL,73.73,-999,'보통',39,350),(1851,NULL,58.54,-999,'나쁨',40,351),(1852,NULL,53.8,-999,'나쁨',40,352),(1853,NULL,60.27,-999,'보통',41,353),(1854,NULL,58.15,-999,'나쁨',41,354),(1855,NULL,63.92,-999,'보통',42,355),(1856,NULL,68.15,-999,'보통',42,356),(1857,NULL,63.72,-999,'보통',43,357),(1858,NULL,61.53,-999,'보통',43,358),(1859,NULL,63.53,-999,'보통',44,359),(1860,NULL,62.44,-999,'보통',44,360),(1861,NULL,91.47,-999,'매우좋음',45,361),(1862,NULL,80.18,-999,'좋음',45,362),(1863,NULL,79.99,-999,'좋음',46,363),(1864,NULL,77.37,-999,'좋음',46,364),(1865,NULL,65.35,-999,'보통',35,365),(1866,NULL,66.07,-999,'보통',35,366),(1867,NULL,67.29,-999,'보통',36,367),(1868,NULL,61.1,-999,'보통',36,368),(1869,NULL,88.86,-999,'매우좋음',37,369),(1870,NULL,73.52,-999,'보통',37,370),(1871,NULL,82.26,-999,'좋음',38,371),(1872,NULL,51.04,-999,'나쁨',38,372),(1873,NULL,84.89,-999,'좋음',39,373),(1874,NULL,66.03,-999,'보통',39,374),(1875,NULL,51.85,-999,'나쁨',40,375),(1876,NULL,45.6,-999,'매우나쁨',40,376),(1877,NULL,54.37,-999,'나쁨',41,377),(1878,NULL,42.49,-999,'매우나쁨',41,378),(1879,NULL,72.04,-999,'보통',42,379),(1880,NULL,67.9,-999,'보통',42,380),(1881,NULL,62.99,-999,'보통',43,381),(1882,NULL,50.5,-999,'나쁨',43,382),(1883,NULL,59.61,-999,'나쁨',44,383),(1884,NULL,65.25,-999,'보통',44,384),(1885,NULL,88.98,-999,'매우좋음',45,385),(1886,NULL,83.84,-999,'좋음',45,386),(1887,NULL,75.61,-999,'보통',46,387),(1888,NULL,79.26,-999,'좋음',46,388),(1889,NULL,43.8,-999,'매우나쁨',35,389),(1890,NULL,39.23,-999,'매우나쁨',35,390),(1891,NULL,40.34,-999,'매우나쁨',36,391),(1892,NULL,37.15,-999,'매우나쁨',36,392),(1893,NULL,37.11,-999,'매우나쁨',37,393),(1894,NULL,36.7,-999,'매우나쁨',37,394),(1895,NULL,35.14,-999,'매우나쁨',38,395),(1896,NULL,34.03,-999,'매우나쁨',38,396),(1897,NULL,20,-999,'매우나쁨',39,397),(1898,NULL,20,-999,'매우나쁨',39,398),(1899,NULL,34.96,-999,'매우나쁨',40,399),(1900,NULL,39.87,-999,'매우나쁨',40,400),(1901,NULL,20,-999,'매우나쁨',41,401),(1902,NULL,20,-999,'매우나쁨',41,402),(1903,NULL,47.75,-999,'나쁨',42,403),(1904,NULL,47.94,-999,'나쁨',42,404),(1905,NULL,37.89,-999,'매우나쁨',43,405),(1906,NULL,48.33,-999,'나쁨',43,406),(1907,NULL,42.61,-999,'매우나쁨',44,407),(1908,NULL,38.86,-999,'매우나쁨',44,408),(1909,NULL,59.27,-999,'나쁨',45,409),(1910,NULL,59.38,-999,'나쁨',45,410),(1911,NULL,57.12,-999,'나쁨',46,411),(1912,NULL,59.93,-999,'나쁨',46,412),(1913,NULL,60.06,-999,'보통',35,413),(1914,NULL,54.51,-999,'나쁨',36,414),(1915,NULL,57.25,-999,'나쁨',37,415),(1916,NULL,48.75,-999,'나쁨',38,416),(1917,NULL,50.32,-999,'나쁨',39,417),(1918,NULL,64.13,-999,'보통',40,418),(1919,NULL,60.89,-999,'보통',41,419),(1920,NULL,52.09,-999,'나쁨',42,420),(1921,NULL,71.01,-999,'보통',43,421),(1922,NULL,57.42,-999,'나쁨',44,422),(1923,NULL,70.94,-999,'보통',45,423),(1924,NULL,67.27,-999,'보통',46,424),(1925,NULL,58.75,-999,'나쁨',35,425),(1926,NULL,81.79,-999,'좋음',36,426),(1927,NULL,71.53,-999,'보통',37,427),(1928,NULL,58.16,-999,'나쁨',38,428),(1929,NULL,59.12,-999,'나쁨',39,429),(1930,NULL,56.87,-999,'나쁨',40,430),(1931,NULL,53.08,-999,'나쁨',41,431),(1932,NULL,57.86,-999,'나쁨',42,432),(1933,NULL,62.89,-999,'보통',43,433),(1934,NULL,57.44,-999,'나쁨',44,434),(1935,NULL,65.26,-999,'보통',45,435),(1936,NULL,66.76,-999,'보통',46,436),(1937,NULL,47.78,-999,'나쁨',35,437),(1938,NULL,47.73,-999,'나쁨',36,438),(1939,NULL,39.72,-999,'매우나쁨',37,439),(1940,NULL,34.69,-999,'매우나쁨',38,440),(1941,NULL,38.06,-999,'매우나쁨',39,441),(1942,NULL,30.5,-999,'매우나쁨',40,442),(1943,NULL,31.95,-999,'매우나쁨',41,443),(1944,NULL,55.72,-999,'나쁨',42,444),(1945,NULL,33.44,-999,'매우나쁨',43,445),(1946,NULL,52.53,-999,'나쁨',44,446),(1947,NULL,46.39,-999,'매우나쁨',45,447),(1948,NULL,56.96,-999,'나쁨',46,448),(1949,NULL,50.86,-999,'나쁨',35,449),(1950,NULL,52.41,-999,'나쁨',36,450),(1951,NULL,44.29,-999,'매우나쁨',37,451),(1952,NULL,42.27,-999,'매우나쁨',38,452),(1953,NULL,45.25,-999,'매우나쁨',39,453),(1954,NULL,61.11,-999,'보통',40,454),(1955,NULL,54.07,-999,'나쁨',41,455),(1956,NULL,51.66,-999,'나쁨',42,456),(1957,NULL,69.66,-999,'보통',43,457),(1958,NULL,50.95,-999,'나쁨',44,458),(1959,NULL,60.59,-999,'보통',45,459),(1960,NULL,66.96,-999,'보통',46,460);
/*!40000 ALTER TABLE `fish` ENABLE KEYS */;
UNLOCK TABLES;

--
-- Table structure for table `location`
--

DROP TABLE IF EXISTS `location`;
/*!40101 SET @saved_cs_client     = @@character_set_client */;
/*!50503 SET character_set_client = utf8mb4 */;
CREATE TABLE `location` (
  `location_no` bigint NOT NULL AUTO_INCREMENT,
  `name` varchar(255) NOT NULL,
  `lat` double NOT NULL,
  `lot` double NOT NULL,
  `area_no` int NOT NULL,
  PRIMARY KEY (`location_no`),
  KEY `FKm3378oux62x22p5lu2lalwvkv` (`area_no`),
  CONSTRAINT `FKm3378oux62x22p5lu2lalwvkv` FOREIGN KEY (`area_no`) REFERENCES `area` (`area_no`)
) ENGINE=InnoDB AUTO_INCREMENT=47 DEFAULT CHARSET=utf8mb4 COLLATE=utf8mb4_0900_ai_ci;
/*!40101 SET character_set_client = @saved_cs_client */;

--
-- Dumping data for table `location`
--

LOCK TABLES `location` WRITE;
/*!40000 ALTER TABLE `location` DISABLE KEYS */;
INSERT INTO `location` VALUES (1,'가거도',34.07308,125.08805,2),(2,'거문도',34.03041,127.34113,2),(3,'거제도',34.90544,128.76294,3),(4,'계마항',35.3924,126.4016,2),(5,'국화도',37.06027,126.55816,1),(6,'김녕',33.5622,126.7394,5),(7,'남애항',37.9425,128.7895,4),(8,'대진항',37.3472,129.2633,4),(9,'모항항',36.79456,126.11107,1),(10,'방포항',36.51383,126.30287,1),(11,'부산남부',35.0438,129.0774,3),(12,'부산동부',35.1851,129.2288,3),(13,'부산서부',35.0075,128.9118,3),(14,'비금도',34.7802,125.8963,2),(15,'비양도',33.4042,126.2306,5),(16,'상왕등도',35.6668,126.1108,2),(17,'상태도',34.43577,125.28555,2),(18,'서귀포',33.23797,126.60808,5),(19,'성산포',33.47744,126.93191,5),(20,'신시도',35.81,126.4488,2),(21,'신지도',34.3522,126.843,2),(22,'아야진항',38.27016,128.5591,4),(23,'어청도',36.12613,125.96686,2),(24,'연도',34.41282,127.78882,2),(25,'영흥도',37.26944,126.43074,1),(26,'외옹치항',38.17729,128.6124,4),(27,'욕지도',34.62111,128.25611,3),(28,'울릉도',37.4925,130.9141,3),(29,'울산',35.4725,129.41246,3),(30,'울진 후정',37.07441,129.41017,3),(31,'추자도',33.96186,126.30037,2),(32,'포항',36.11622,129.43144,3),(33,'하조도',34.27757,126.09372,2),(34,'후포',36.67376,129.45634,3),(35,'강릉항 북동(2km)',37.7842,128.968,4),(36,'공현진항 동남동(5km)',38.325,128.5754,4),(37,'도두항 북서(2km)',33.52516,126.4583,5),(38,'목포북항 서측(53km)',34.78435,125.7365,2),(39,'서망항남측(27km)',34.119,126.152,2),(40,'안흥항 북측(30km)',36.965,126.135,1),(41,'안흥항서측(40km)',36.649,125.701,1),(42,'양포항 남동(3km)',35.82482,129.5892,3),(43,'인천항 서측(24km)',37.3578,126.375,1),(44,'임원항동북동(10km)',37.267,129.45,4),(45,'척포항 남남서(25km)',34.5504,128.3339,3),(46,'하리항 남서(14km)',35.0104,129.0445,3);
/*!40000 ALTER TABLE `location` ENABLE KEYS */;
UNLOCK TABLES;

--
-- Table structure for table `location_log`
--

DROP TABLE IF EXISTS `location_log`;
/*!40101 SET @saved_cs_client     = @@character_set_client */;
/*!50503 SET character_set_client = utf8mb4 */;
CREATE TABLE `location_log` (
  `log_no` bigint NOT NULL AUTO_INCREMENT,
  `location_no` bigint NOT NULL,
  `username` varchar(255) NOT NULL,
  `select_time` datetime(6) NOT NULL,
  PRIMARY KEY (`log_no`),
  KEY `FKh3bvxdng68dy6wxfoeg0b7hc1` (`location_no`),
  KEY `FK9q70fudhc1tok4gymf0hajhce` (`username`),
  CONSTRAINT `FK9q70fudhc1tok4gymf0hajhce` FOREIGN KEY (`username`) REFERENCES `member` (`username`),
  CONSTRAINT `FKh3bvxdng68dy6wxfoeg0b7hc1` FOREIGN KEY (`location_no`) REFERENCES `location` (`location_no`)
) ENGINE=InnoDB AUTO_INCREMENT=3 DEFAULT CHARSET=utf8mb4 COLLATE=utf8mb4_0900_ai_ci;
/*!40101 SET character_set_client = @saved_cs_client */;

--
-- Dumping data for table `location_log`
--

LOCK TABLES `location_log` WRITE;
/*!40000 ALTER TABLE `location_log` DISABLE KEYS */;
INSERT INTO `location_log` VALUES (2,1,'google_kyuhuhu.sujidaddy@gmail.com','2025-12-21 12:26:23.366202');
/*!40000 ALTER TABLE `location_log` ENABLE KEYS */;
UNLOCK TABLES;

--
-- Table structure for table `login_log`
--

DROP TABLE IF EXISTS `login_log`;
/*!40101 SET @saved_cs_client     = @@character_set_client */;
/*!50503 SET character_set_client = utf8mb4 */;
CREATE TABLE `login_log` (
  `log_no` bigint NOT NULL AUTO_INCREMENT,
  `username` varchar(255) NOT NULL,
  `login_time` datetime(6) NOT NULL,
  PRIMARY KEY (`log_no`),
  KEY `FKi268mnka72vtvxo1pwffxe7xo` (`username`),
  CONSTRAINT `FKi268mnka72vtvxo1pwffxe7xo` FOREIGN KEY (`username`) REFERENCES `member` (`username`)
) ENGINE=InnoDB AUTO_INCREMENT=3 DEFAULT CHARSET=utf8mb4 COLLATE=utf8mb4_0900_ai_ci;
/*!40101 SET character_set_client = @saved_cs_client */;

--
-- Dumping data for table `login_log`
--

LOCK TABLES `login_log` WRITE;
/*!40000 ALTER TABLE `login_log` DISABLE KEYS */;
INSERT INTO `login_log` VALUES (1,'google_kyuhuhu.sujidaddy@gmail.com','2025-12-21 03:39:24.109414'),(2,'kakao_박민규','2025-12-21 06:08:01.004183');
/*!40000 ALTER TABLE `login_log` ENABLE KEYS */;
UNLOCK TABLES;

--
-- Table structure for table `member`
--

DROP TABLE IF EXISTS `member`;
/*!40101 SET @saved_cs_client     = @@character_set_client */;
/*!50503 SET character_set_client = utf8mb4 */;
CREATE TABLE `member` (
  `username` varchar(255) NOT NULL,
  `password` varchar(255) NOT NULL,
  `role` enum('ROLE_ADMIN','ROLE_MEMBER') NOT NULL,
  `enabled` bit(1) NOT NULL,
  `create_time` datetime(6) NOT NULL,
  `last_login_time` datetime(6) NOT NULL,
  PRIMARY KEY (`username`)
) ENGINE=InnoDB DEFAULT CHARSET=utf8mb4 COLLATE=utf8mb4_0900_ai_ci;
/*!40101 SET character_set_client = @saved_cs_client */;

--
-- Dumping data for table `member`
--

LOCK TABLES `member` WRITE;
/*!40000 ALTER TABLE `member` DISABLE KEYS */;
INSERT INTO `member` VALUES ('admin','$2a$10$aBo7/cjV9dV6Vp/TNzr05OOi1f2.0I8alasC9kI1CtVqucWrwPxM6','ROLE_ADMIN',_binary '','2025-12-01 00:00:00.000000','2025-12-01 00:00:00.000000'),('google_kyuhuhu.sujidaddy@gmail.com','$2a$10$pvmeM5Lq8qFY./PvYJE6DumNrvkwVGybzhKFcRFb6YjEfFzNj/Wpu','ROLE_MEMBER',_binary '','2025-12-21 03:39:24.101963','2025-12-21 03:39:24.101963'),('kakao_박민규','$2a$10$uT.67jEAgEuIm.PeuY8pGOZung34r4twIa.3lrqQV9x89JzQDQzlG','ROLE_MEMBER',_binary '','2025-12-21 03:39:24.101963','2025-12-21 06:08:00.990143'),('member','$2a$10$WBQfkfw0jzSTYNB8aCKFJe.x3tSr63zPzXQhxEMvFw7kcaxsGTq.O','ROLE_MEMBER',_binary '','2025-12-01 00:00:00.000000','2025-12-21 03:39:24.101963'),('naver_kyuhuhu@hanmail.net','$2a$10$T9TLY6tpYJPiFwukk9IPNOf6DEQliFcjvptwDRICs4ZFxDOyPnPRu','ROLE_MEMBER',_binary '','2025-12-21 03:39:24.101963','2025-12-21 03:39:24.101963');
/*!40000 ALTER TABLE `member` ENABLE KEYS */;
UNLOCK TABLES;

--
-- Table structure for table `weather`
--

DROP TABLE IF EXISTS `weather`;
/*!40101 SET @saved_cs_client     = @@character_set_client */;
/*!50503 SET character_set_client = utf8mb4 */;
CREATE TABLE `weather` (
  `weather_no` bigint NOT NULL AUTO_INCREMENT,
  `predc_ymd` date NOT NULL,
  `predc_noon_se_cd` varchar(255) NOT NULL,
  `min_wvhgt` double NOT NULL,
  `max_wvhgt` double NOT NULL,
  `min_wtem` double NOT NULL,
  `max_wtem` double NOT NULL,
  `min_artmp` double NOT NULL,
  `max_artmp` double NOT NULL,
  `min_crsp` double NOT NULL,
  `max_crsp` double NOT NULL,
  `min_wspd` double NOT NULL,
  `max_wspd` double NOT NULL,
  `location_no` bigint NOT NULL,
  PRIMARY KEY (`weather_no`),
  KEY `FK29n4u14f02b0kig17gppku4pk` (`location_no`),
  CONSTRAINT `FK29n4u14f02b0kig17gppku4pk` FOREIGN KEY (`location_no`) REFERENCES `location` (`location_no`)
) ENGINE=InnoDB AUTO_INCREMENT=461 DEFAULT CHARSET=utf8mb4 COLLATE=utf8mb4_0900_ai_ci;
/*!40101 SET character_set_client = @saved_cs_client */;

--
-- Dumping data for table `weather`
--

LOCK TABLES `weather` WRITE;
/*!40000 ALTER TABLE `weather` DISABLE KEYS */;
INSERT INTO `weather` VALUES (1,'2025-12-19','오전',0.7,0.7,14.3,14.3,13,13.6,0.2,1.2,6.9,7.2,1),(2,'2025-12-19','오후',0.7,0.7,14.3,14.4,13.7,14.1,0.2,1,4.5,6.1,1),(3,'2025-12-19','오전',0.1,0.1,16,16,14.8,16,0.2,0.6,4.9,7,2),(4,'2025-12-19','오후',0.1,0.5,16,16.2,14.3,15.1,0.2,0.4,1.9,3.1,2),(5,'2025-12-19','오전',0.2,0.2,14.8,15.1,11.5,13.6,0.2,0.8,1.4,1.9,3),(6,'2025-12-19','오후',0.2,0.4,15.3,15.7,14.9,15.8,0.6,1,2.2,3.9,3),(7,'2025-12-19','오전',0.1,0.1,8.5,8.6,8.8,11.8,0.2,1,4,6.3,4),(8,'2025-12-19','오후',0.1,0.4,8.7,8.8,10.9,11.4,0.2,0.8,2.6,3.9,4),(9,'2025-12-19','오전',0.1,0.1,7.6,7.8,5.4,9.3,0.2,0.6,3.2,4.1,5),(10,'2025-12-19','오후',0.1,0.1,8.1,8.7,10,11.7,0.2,0.6,2.4,5.3,5),(11,'2025-12-19','오전',0.2,0.2,17.6,17.8,13.9,16.6,0.2,0.2,2.2,3.9,6),(12,'2025-12-19','오후',0.1,0.2,17.7,17.8,16.7,17.2,0.4,0.6,1.9,4.4,6),(13,'2025-12-19','오전',0.4,0.5,12.1,12.2,5.8,10.5,0.2,0.4,1.2,2.5,7),(14,'2025-12-19','오후',0.4,0.5,12.2,12.2,8.6,11.3,0.2,0.2,2.8,3.6,7),(15,'2025-12-19','오전',0.5,0.6,13.5,13.5,7.4,12.3,0.2,0.2,1.3,3.7,8),(16,'2025-12-19','오후',0.6,0.6,13.5,13.6,10.9,13.7,0.2,0.2,0.5,5.7,8),(17,'2025-12-19','오전',0.7,0.7,11.2,11.4,9.8,10.5,0.4,1.9,4.9,5.5,9),(18,'2025-12-19','오후',0.8,1,11.6,11.9,10.4,11.1,0.4,3.1,3.9,5.4,9),(19,'2025-12-19','오전',0.5,0.6,9.7,9.8,8.1,9.9,0.2,0.6,5.4,7,10),(20,'2025-12-19','오후',0.6,0.8,9.9,10.3,10.2,10.8,0.2,1.4,5.4,6.8,10),(21,'2025-12-19','오전',0.1,0.1,15,15.3,11.2,13.9,0.8,1.6,0.9,2.1,11),(22,'2025-12-19','오후',0.1,0.6,14.9,15.1,14.4,15.7,0.6,1.4,1.8,4.7,11),(23,'2025-12-19','오전',0.4,0.4,15.4,15.8,12.5,14,0.6,1.6,1.8,2.7,12),(24,'2025-12-19','오후',0.4,0.4,15.6,15.8,14.5,15.8,0.6,1.4,2.9,7.8,12),(25,'2025-12-19','오전',0.1,0.2,14.9,15.6,11.1,13.4,0.6,1.2,1.5,4.4,13),(26,'2025-12-19','오후',0.2,0.5,15,15.6,13.9,16.3,0.6,1,0.9,6.2,13),(27,'2025-12-19','오전',0.2,0.2,9.8,10.6,11,13.8,1.6,2.7,3.1,4,14),(28,'2025-12-19','오후',0.2,0.3,10.4,11.2,11.4,14.1,0.2,1.7,2.9,4.1,14),(29,'2025-12-19','오전',0.2,0.3,18.1,18.2,14.3,16.5,0.2,0.2,4.9,6.4,15),(30,'2025-12-19','오후',0.2,0.3,18.2,18.3,13.2,16.9,0.2,0.4,3.3,6,15),(31,'2025-12-19','오전',0.2,0.2,10.8,11,9.8,10.6,0.2,1,5.1,6.9,16),(32,'2025-12-19','오후',0.2,0.6,11,11.1,10.8,11.7,0.4,1,4.3,5.9,16),(33,'2025-12-19','오전',0.5,0.6,13.1,13.2,12.7,13,0.4,2.5,6.1,6.6,17),(34,'2025-12-19','오후',0.5,0.6,13,13.1,13.1,13.2,0.4,2.1,3.9,5.7,17),(35,'2025-12-19','오전',0.2,0.5,19.1,19.2,13.3,16.5,0.2,0.2,3,3.9,18),(36,'2025-12-19','오후',0.4,0.5,19.2,19.2,15.2,16.9,0.2,0.4,2.7,3.9,18),(37,'2025-12-19','오전',0.1,0.4,18.7,18.8,12.5,16.9,0.8,1.9,2.7,7,19),(38,'2025-12-19','오후',0.3,0.4,18.5,18.8,13.3,17.7,0.2,1,3.3,6.7,19),(39,'2025-12-19','오전',0.1,0.2,8.4,8.6,9.6,10.8,0.2,0.4,5,5.8,20),(40,'2025-12-19','오후',0.1,0.2,8.8,9.3,10.7,11.2,0.2,0.4,3.6,4.2,20),(41,'2025-12-19','오전',0.1,0.1,10.8,11.2,10.3,14.9,0.4,1.4,2.3,3.2,21),(42,'2025-12-19','오후',0.1,0.1,10.7,11.1,11.6,15.6,0.2,1.4,1.2,3.3,21),(43,'2025-12-19','오전',0.3,0.5,11.3,11.4,5.6,9.2,0.2,0.2,1.5,3.6,22),(44,'2025-12-19','오후',0.4,0.4,11.3,11.3,9.3,10.6,0.2,0.2,2.4,5.4,22),(45,'2025-12-19','오전',0.4,0.5,11,11.1,10.1,10.7,0.2,1,6.1,7.3,23),(46,'2025-12-19','오후',0.6,0.9,11.2,11.4,10.8,11.5,0.2,1.4,4.9,6.7,23),(47,'2025-12-19','오전',0.1,0.1,15.4,15.7,14.3,15.7,0.2,1,4.1,5,24),(48,'2025-12-19','오후',0.1,0.2,15.7,15.9,14.4,15.8,0.6,1,1.9,5.3,24),(49,'2025-12-19','오전',0.2,0.3,8.3,8.3,6.5,9.6,0.2,1.2,3.5,4.6,25),(50,'2025-12-19','오후',0.2,0.3,8.6,9.6,9.7,11.6,0.2,2.3,3.2,5,25),(51,'2025-12-19','오전',0.3,0.4,13,13,7.1,9.6,0.2,0.2,3.5,5.2,26),(52,'2025-12-19','오후',0.4,0.5,13,13,9.9,11,0.2,0.4,1.9,6.5,26),(53,'2025-12-19','오전',0.1,0.1,14.1,14.2,11.3,15.3,0.2,1,0.8,5.5,27),(54,'2025-12-19','오후',0.1,0.3,14.2,14.9,11.7,16.1,0.8,1.2,3.3,5.8,27),(55,'2025-12-19','오전',0.9,1,14.3,14.4,12.5,13.8,0.2,0.4,8.7,9.7,28),(56,'2025-12-19','오후',0.9,0.9,14.3,14.3,13.1,14.1,0.4,0.6,6.9,9.2,28),(57,'2025-12-19','오전',0.2,0.2,14.8,15,10.1,12.9,0.4,0.6,0.6,3.1,29),(58,'2025-12-19','오후',0.2,0.5,14.9,15.1,14,14.8,0.2,0.4,1.2,4.6,29),(59,'2025-12-19','오전',0.4,0.5,13.5,13.5,7.8,11.7,0.2,0.2,4,5.3,30),(60,'2025-12-19','오후',0.4,0.4,13.5,13.5,11.1,13.3,0.2,0.2,3.8,5.6,30),(61,'2025-12-19','오전',0.5,0.5,14.7,14.7,14.2,15.3,1,1.9,2.5,6.7,31),(62,'2025-12-19','오후',0.5,0.5,14.7,14.7,15.4,15.8,0.2,1.4,4.4,7.1,31),(63,'2025-12-19','오전',0.3,0.4,14.3,14.4,8.2,12.5,0.2,0.4,4.8,5.3,32),(64,'2025-12-19','오후',0.3,0.3,14.4,14.5,13.8,16.3,0.2,0.4,3.9,6.7,32),(65,'2025-12-19','오전',0.1,0.2,12.2,12.8,14,14.1,1.4,1.9,5.6,6.4,33),(66,'2025-12-19','오후',0.1,0.1,12.7,13.1,14,14.2,0.4,1.7,2.8,5.7,33),(67,'2025-12-19','오전',0.3,0.3,13.7,13.7,9.1,12.5,0.2,0.4,7.1,8.4,34),(68,'2025-12-19','오후',0.3,0.4,13.6,13.7,12.4,14,0.2,0.4,5.2,6.3,34),(69,'2025-12-20','오전',0.4,0.5,14.1,14.3,13.2,14.3,0.2,0.8,2.8,4.3,1),(70,'2025-12-20','오후',0.4,0.6,14.3,14.5,9.8,12.9,0.2,1.4,5.2,12.4,1),(71,'2025-12-20','오전',0.3,0.4,16.1,16.2,16.4,16.5,0.2,0.6,2.8,3.3,2),(72,'2025-12-20','오후',0.3,0.4,16.3,16.4,15.4,16.3,0.2,0.2,1.6,6.2,2),(73,'2025-12-20','오전',0.4,0.4,15.4,16,14.7,17.6,0.2,0.8,1.8,2.5,3),(74,'2025-12-20','오후',0.4,0.4,16.1,16.2,16.2,17.8,0.6,1,1.5,3.5,3),(75,'2025-12-20','오전',0.2,0.2,8.6,8.7,10.6,11.7,0.2,0.8,1.3,4.5,4),(76,'2025-12-20','오후',0.2,1.1,8.7,8.7,8.8,10.8,0.2,1,4.6,11.4,4),(77,'2025-12-20','오전',0.2,0.5,7.7,7.8,7.8,9.4,0.2,0.6,5.6,7.7,5),(78,'2025-12-20','오후',0.6,0.9,7.9,8.5,6.3,7.7,0.2,0.6,8.2,10,5),(79,'2025-12-20','오전',0.1,0.1,17.7,17.9,17.2,19.4,0.2,0.4,1.4,2.8,6),(80,'2025-12-20','오후',0.1,0.2,17.9,18.1,15.4,18.8,0.4,0.8,2.1,7.9,6),(81,'2025-12-20','오전',0.5,0.6,11.9,12,10.2,14.4,0.2,0.2,0.6,3,7),(82,'2025-12-20','오후',0.4,0.5,11.9,12.1,8.1,14.4,0.2,0.2,2.3,4.2,7),(83,'2025-12-20','오전',0.5,0.6,13.4,13.6,13.6,16.3,0.2,0.4,1.9,3,8),(84,'2025-12-20','오후',0.4,0.6,13.7,13.8,11.2,16.4,0.2,0.2,1.7,4.5,8),(85,'2025-12-20','오전',0.7,0.9,11.1,11.4,8.1,9.8,0.4,1.6,4.9,7.8,9),(86,'2025-12-20','오후',1,1.6,11.4,11.7,6.5,7.7,0.8,2.7,8.6,9.9,9),(87,'2025-12-20','오전',0.5,0.7,9.9,10,9.6,10,0.2,0.6,3.3,7.6,10),(88,'2025-12-20','오후',0.8,1.1,10,10.3,7,9.1,0.2,1,7.4,9.3,10),(89,'2025-12-20','오전',0.4,0.5,15.3,15.6,13.8,16.2,0.4,1.9,0.8,3.1,11),(90,'2025-12-20','오후',0.4,0.6,15.4,15.7,16.5,16.9,0.2,1.7,5,6.4,11),(91,'2025-12-20','오전',0.4,0.5,15.5,15.5,14.8,15.8,0.2,1.6,2.9,3.3,12),(92,'2025-12-20','오후',0.3,0.5,15.3,15.4,16.2,17.2,0.2,1.6,3.1,7.4,12),(93,'2025-12-20','오전',0.4,0.4,15,15.4,14.7,16.7,0.4,1.4,0.5,4.7,13),(94,'2025-12-20','오후',0.3,0.6,14.8,15.3,16.6,17.1,0.2,1.4,4.8,6,13),(95,'2025-12-20','오전',0.2,0.2,9.9,10.6,12.7,13.1,1,2.5,1.6,2.2,14),(96,'2025-12-20','오후',0.2,1.3,10.5,11.1,8.8,12.8,0.2,2.1,3.5,10.2,14),(97,'2025-12-20','오전',0.2,0.2,18.3,18.4,17.4,19.2,0.2,0.2,3.9,5.5,15),(98,'2025-12-20','오후',0.2,0.3,18.3,18.4,14.8,18.9,0.2,0.4,3.4,6.1,15),(99,'2025-12-20','오전',0.3,0.3,10.7,10.9,10.5,11.5,0.2,1,1.7,6.2,16),(100,'2025-12-20','오후',0.3,1.7,10.8,10.9,8.3,10.2,0.2,1.2,8.8,12,16),(101,'2025-12-20','오전',0.4,0.4,13.3,13.4,12.5,12.9,0.4,2.5,2.1,4.1,17),(102,'2025-12-20','오후',0.3,1.2,13.1,13.3,9.5,11.9,0.2,2.3,5.3,12.9,17),(103,'2025-12-20','오전',0.4,0.4,18.9,19.1,16.2,18.3,0.2,0.4,0.9,3.4,18),(104,'2025-12-20','오후',0.5,0.7,19,19.1,16.5,18.3,0.2,0.4,1.7,6,18),(105,'2025-12-20','오전',0.3,0.3,18.4,18.5,14.4,19.5,1,1.9,3.2,4.6,19),(106,'2025-12-20','오후',0.4,0.5,18.1,18.6,15.3,19.9,0.4,1.6,4.4,8.5,19),(107,'2025-12-20','오전',0.2,0.2,8.8,8.9,10.6,10.9,0.2,0.4,2.5,5.3,20),(108,'2025-12-20','오후',0.1,0.1,9,9.1,8.4,10,0.2,0.4,6.7,11.4,20),(109,'2025-12-20','오전',0.1,0.1,10.9,11.4,13.1,15.5,0.4,1.4,1.1,1.8,21),(110,'2025-12-20','오후',0.1,0.1,10.9,11.4,12.4,16.2,0.6,1.6,1,6.7,21),(111,'2025-12-20','오전',0.6,0.6,11.2,11.3,9.8,12.3,0.2,0.2,1.5,3.1,22),(112,'2025-12-20','오후',0.5,0.6,11.1,11.3,8.7,12.9,0.2,0.2,0.6,4.6,22),(113,'2025-12-20','오전',0.6,0.8,11.1,11.1,9.5,10.6,0.2,0.8,4.4,8.2,23),(114,'2025-12-20','오후',0.9,1.8,11.1,11.2,7.4,8.7,0.4,1,9.5,11.4,23),(115,'2025-12-20','오전',0.3,0.3,15.5,15.7,15.7,15.9,0.2,0.8,3.4,4.1,24),(116,'2025-12-20','오후',0.2,0.3,14.7,15.7,14.9,15.8,0.6,1.2,1,4.4,24),(117,'2025-12-20','오전',0.4,0.6,8.4,8.5,7.1,9.2,0.4,1.6,4.3,6.9,25),(118,'2025-12-20','오후',0.7,1,8.5,9.5,4.8,7.4,0.2,2.1,6.1,8.3,25),(119,'2025-12-20','오전',0.6,0.7,11.7,11.9,10.7,12.7,0.4,0.4,0.9,3.7,26),(120,'2025-12-20','오후',0.5,0.6,11.8,12,9.3,12.6,0.4,0.6,1.6,4.4,26),(121,'2025-12-20','오전',0.3,0.3,14.5,14.9,16,17.4,0.2,1,2.7,3.9,27),(122,'2025-12-20','오후',0.2,0.3,15,15.3,14.4,16.9,0.4,1.2,1.4,4,27),(123,'2025-12-20','오전',1.2,1.3,13.8,14.1,14.4,15.5,0.2,0.4,8.1,9.1,28),(124,'2025-12-20','오후',0.9,1.3,14.1,14.3,14.2,15.9,0.6,0.6,3.9,8.6,28),(125,'2025-12-20','오전',0.5,0.6,15,15.2,13.9,15.6,0.4,0.6,3,4.8,29),(126,'2025-12-20','오후',0.4,0.6,15,15.3,16,16.5,0.2,0.6,3.6,7,29),(127,'2025-12-20','오전',0.5,0.6,13.3,13.5,12.4,15.4,0.2,0.2,5.3,6.4,30),(128,'2025-12-20','오후',0.4,0.5,13.6,13.7,12.9,17.1,0.2,0.2,3,5.2,30),(129,'2025-12-20','오전',0.1,0.2,15.6,15.9,15.4,15.8,1.6,2.1,0.6,3.7,31),(130,'2025-12-20','오후',0.1,0.6,15.4,15.9,12.5,15.4,0.6,1.7,2.4,10.5,31),(131,'2025-12-20','오전',0.1,0.1,14.2,14.3,11.8,16.1,0.2,0.4,3.2,4.2,32),(132,'2025-12-20','오후',0.1,0.1,14.4,14.6,16,17.5,0.2,0.2,3.2,5.2,32),(133,'2025-12-20','오전',0.1,0.1,12.4,12.8,13.9,14.2,1.4,1.9,2.2,3.3,33),(134,'2025-12-20','오후',0.1,0.4,12.8,13.1,10.2,14.1,0.2,2.3,3.6,8.1,33),(135,'2025-12-20','오전',0.8,0.8,13.6,13.6,12.5,15.1,0.2,0.2,2.9,5.2,34),(136,'2025-12-20','오후',0.5,0.8,13.7,13.8,13.8,15.9,0.2,0.4,1.2,3.7,34),(137,'2025-12-21','오전',1,1.2,14,14,5.5,6,0.2,1.2,11.5,12.7,1),(138,'2025-12-21','오후',0.9,1,14.1,14.3,5.3,5.5,0.2,1,11.6,12.1,1),(139,'2025-12-21','오전',0.9,1,15.6,15.7,4.4,4.8,0.4,0.8,9,9.9,2),(140,'2025-12-21','오후',0.9,1,15.6,15.6,4.9,5.6,0.2,0.2,8.3,9.7,2),(141,'2025-12-21','오전',0.2,0.3,15.1,15.4,2.8,3,0.2,0.4,11.2,11.9,3),(142,'2025-12-21','오후',0.3,0.3,14.8,14.9,3.4,4.7,0.2,0.2,9.1,11.4,3),(143,'2025-12-21','오전',1.4,1.4,8.1,8.2,3.1,3.8,0.2,1,12.1,12.5,4),(144,'2025-12-21','오후',1.1,1.3,8.2,8.3,2.9,3.1,0.2,0.8,10.3,11.9,4),(145,'2025-12-21','오전',1,1.1,7.3,7.6,-0.5,-0.2,0.2,0.6,10.3,11.3,5),(146,'2025-12-21','오후',0.6,1,7.4,8,-0.2,0.8,0.2,0.6,7.3,9.9,5),(147,'2025-12-21','오전',1.4,1.5,17.9,18,5.7,6.6,0.2,0.4,10.3,11.4,6),(148,'2025-12-21','오후',1.2,1.3,17.9,18.1,5.8,6.6,0.2,0.8,9.5,10.1,6),(149,'2025-12-21','오전',1.1,1.7,11.4,11.4,0.1,3.1,0.2,0.2,6.7,8,7),(150,'2025-12-21','오후',1.5,1.7,11.4,11.4,0,4.3,0.2,0.2,4.9,7.5,7),(151,'2025-12-21','오전',1,1.3,13.3,13.3,1.5,3.6,0.2,0.2,5.7,7.2,8),(152,'2025-12-21','오후',1.5,1.8,13.4,13.4,0.6,4.5,0.2,0.2,4,7.1,8),(153,'2025-12-21','오전',1.7,1.9,10.4,10.8,0.6,1,0.2,2.1,10.7,11.6,9),(154,'2025-12-21','오후',1.2,1.6,10.5,11.2,0.8,1.7,0.2,2.9,6.9,9.7,9),(155,'2025-12-21','오전',1.3,1.4,9.5,9.6,1,1.3,0.4,1.2,10.4,11.8,10),(156,'2025-12-21','오후',0.8,1.2,9.5,9.8,1.1,1.4,0.2,1,7,10,10),(157,'2025-12-21','오전',0.1,0.2,15.2,15.3,3,3.1,0.2,1.7,5.3,7.1,11),(158,'2025-12-21','오후',0.1,0.1,15.1,15.2,3.4,5.1,0.2,1.7,6.8,7.6,11),(159,'2025-12-21','오전',0.6,0.6,15.1,15.1,4.6,5,0.2,1.2,3.7,5.4,12),(160,'2025-12-21','오후',0.6,0.7,15,15.1,4.6,6.6,0.2,1.2,5.2,7.7,12),(161,'2025-12-21','오전',0.1,0.2,14.5,14.7,3.4,3.6,0.2,1,9.8,11.5,13),(162,'2025-12-21','오후',0.1,0.1,14.1,14.4,3.9,5.4,0.2,1,9.7,10.7,13),(163,'2025-12-21','오전',1.9,2.1,9.5,9.8,4.2,4.6,0.4,2.3,11,11.2,14),(164,'2025-12-21','오후',1.6,1.9,10,10.5,3,4.2,0.6,2.1,9.3,11.1,14),(165,'2025-12-21','오전',1.1,1.1,18,18.1,6.1,6.7,0.2,0.4,12.1,13,15),(166,'2025-12-21','오후',1,1.1,17.9,18,4.8,6.5,0.2,0.4,10.7,12.1,15),(167,'2025-12-21','오전',2.1,2.2,10.3,10.5,2.9,3.7,0.4,1,11.5,12.2,16),(168,'2025-12-21','오후',1.7,2.1,10.5,10.7,2.8,3.2,0.2,1,9.3,11.2,16),(169,'2025-12-21','오전',1.7,2,13.1,13.2,5.2,5.5,0.2,1.9,11.9,12,17),(170,'2025-12-21','오후',1.5,1.7,13.1,13.2,4.9,5.3,0.4,2.3,11.3,12.1,17),(171,'2025-12-21','오전',0.2,0.3,18.4,18.5,9.7,11,0.2,0.4,4.3,7.2,18),(172,'2025-12-21','오후',0.2,0.3,18.4,19.1,7.7,11.2,0.2,0.4,3.1,4.7,18),(173,'2025-12-21','오전',1.3,1.4,18.2,18.3,5.9,6.1,1,1.7,13.7,14.5,19),(174,'2025-12-21','오후',1,1.2,17.9,18.3,5.4,6.5,0.4,1.6,11.2,13.2,19),(175,'2025-12-21','오전',0.1,0.1,8.4,8.4,2.2,3,0.2,0.4,11.2,11.6,20),(176,'2025-12-21','오후',0.1,0.1,8.4,8.4,2.2,2.5,0.2,0.4,8.8,10.6,20),(177,'2025-12-21','오전',0.1,0.1,10.7,11.4,2.2,4,0.4,1.6,9.2,10.6,21),(178,'2025-12-21','오후',0.1,0.1,10.6,11.2,1.8,4.5,0.4,1.6,8.1,9.6,21),(179,'2025-12-21','오전',1,1.3,10,10.1,0.9,3.6,0.2,0.2,5.8,6.4,22),(180,'2025-12-21','오후',1.4,1.6,10.2,10.5,0.6,4,0.2,0.2,3.1,6,22),(181,'2025-12-21','오전',2.1,2.2,11,11,2.2,3.1,0.4,1.4,11,12.1,23),(182,'2025-12-21','오후',1.5,2,11,11.1,2.2,2.8,0.2,1,8.4,10.4,23),(183,'2025-12-21','오전',0.1,0.1,14.9,15.1,3.9,4.3,0.6,1.2,9,12.8,24),(184,'2025-12-21','오후',0.1,0.1,14.2,14.7,4.8,5.7,0.2,1.2,8.8,9.8,24),(185,'2025-12-21','오전',1.1,1.3,8,8.3,-1.7,-0.8,0.4,1.7,8.8,9.8,25),(186,'2025-12-21','오후',0.8,1.1,8,9.1,-1.2,0.1,0.8,2.3,5.9,8.3,25),(187,'2025-12-21','오전',0.9,1.3,11.1,11.2,1,3.8,0.4,0.4,5.4,6.9,26),(188,'2025-12-21','오후',1.3,1.6,11.3,11.4,0.9,4.2,0.4,0.4,4.3,5.8,26),(189,'2025-12-21','오전',0.1,0.1,14.7,14.8,3.8,4.1,0.2,1,5.9,6.7,27),(190,'2025-12-21','오후',0.1,0.1,14.5,14.7,2.3,5.7,0.2,1,5.5,6.8,27),(191,'2025-12-21','오전',0.4,0.4,13.4,13.7,6.2,7.1,0.2,0.4,5.9,8.2,28),(192,'2025-12-21','오후',0.3,0.4,13.7,13.8,4,7.2,0.2,0.2,3.6,8.1,28),(193,'2025-12-21','오전',0.1,0.2,14.7,14.7,2.4,3,0.2,0.4,7.6,10.1,29),(194,'2025-12-21','오후',0.1,0.1,14.6,14.7,3.2,4.9,0.2,0.4,8.3,9.4,29),(195,'2025-12-21','오전',1.2,1.5,12.9,13,3.1,4.4,0.2,0.2,5.9,7.4,30),(196,'2025-12-21','오후',1.6,2.1,12.8,12.9,2.2,5.3,0.2,0.2,4.9,8,30),(197,'2025-12-21','오전',1.5,1.7,15.2,15.7,5.5,6.2,1.6,2.3,11.5,12.5,31),(198,'2025-12-21','오후',1.3,1.5,15.2,15.7,4.9,5.8,0.4,1.7,10.8,11.9,31),(199,'2025-12-21','오전',0.8,1,13.8,13.9,2.4,3.1,0.4,0.4,6.3,9.1,32),(200,'2025-12-21','오후',1.1,1.4,13.7,13.8,3.5,5.1,0.4,0.4,6.2,8.3,32),(201,'2025-12-21','오전',0.7,0.7,12.3,12.6,5,5.3,0.8,2.1,9.2,10,33),(202,'2025-12-21','오후',0.6,0.7,12.6,12.9,4,5.1,0.4,2.3,8.1,9.3,33),(203,'2025-12-21','오전',0.3,0.4,13,13.2,3,4.5,0.2,0.2,5.9,8.9,34),(204,'2025-12-21','오후',0.5,0.7,13,13.1,3.4,6.1,0.2,0.2,5.1,6.1,34),(205,'2025-12-22','일',1.2,1.2,14,14.2,5.4,7.6,0.2,1.4,4.8,9.5,1),(206,'2025-12-22','일',1,1.4,15.4,15.5,6.6,10.4,0.2,0.8,6.6,7.5,2),(207,'2025-12-22','일',0.1,0.2,14.1,14.3,5,10.2,0.2,0.4,4.7,6.6,3),(208,'2025-12-22','일',0.3,0.6,7.7,7.8,-0.5,5.6,0.2,1,3.5,7.8,4),(209,'2025-12-22','일',0.1,0.2,7,7.8,-0.1,4.6,0.2,0.8,2.3,5,5),(210,'2025-12-22','일',1.3,1.5,17.9,18,7.6,11.6,0.2,0.8,5.8,7.9,6),(211,'2025-12-22','일',0.5,0.8,11.1,11.1,0.9,5.4,0.2,0.2,1.7,4.1,7),(212,'2025-12-22','일',0.6,0.9,12.9,13,1.3,5.7,0.2,0.2,2.5,5.1,8),(213,'2025-12-22','일',0.2,0.3,10.2,10.9,1.1,4,0.4,3.1,3.7,5.9,9),(214,'2025-12-22','일',0.3,0.6,9.3,10,-0.3,4.4,0.2,1.2,3.7,5.7,10),(215,'2025-12-22','일',0.4,0.5,15.1,15.5,4.6,10.5,0.2,1.7,4.4,6.8,11),(216,'2025-12-22','일',0.6,0.6,14.7,15.9,5.3,11.1,0.2,1.4,6.4,9.5,12),(217,'2025-12-22','일',0.2,0.2,13.8,14.4,4,10.3,0.2,1,5.2,8,13),(218,'2025-12-22','일',0.7,0.8,9.1,10.2,1.3,6.5,0.4,2.5,2.6,7.4,14),(219,'2025-12-22','일',0.6,0.9,17.6,17.6,5.1,10.3,0.2,0.4,5.6,7.2,15),(220,'2025-12-22','일',0.6,0.8,9.8,10.2,2.2,6.5,0.4,1.4,4.7,9.8,16),(221,'2025-12-22','일',1,1,13,13.1,5,7.6,0.2,2.3,5.4,10,17),(222,'2025-12-22','일',0.8,0.8,19.1,19.6,7.5,10.8,0.2,0.4,5.4,7.5,18),(223,'2025-12-22','일',1.3,1.5,18,18.3,7.4,11.1,0.4,1.9,6.2,7.2,19),(224,'2025-12-22','일',0.3,0.5,7.8,7.9,0,6.2,0.2,0.4,4.3,8,20),(225,'2025-12-22','일',0.8,0.8,10.1,11.2,1.8,8.3,0.4,1.6,2.2,4.3,21),(226,'2025-12-22','일',0.5,0.7,11,11.6,0.2,3.2,0.2,0.4,3.3,5.4,22),(227,'2025-12-22','일',0.5,0.6,10.8,10.9,2.1,6,0.2,1.4,4.9,8.8,23),(228,'2025-12-22','일',0.6,1.1,14.1,14.2,5.9,10.1,0.2,1.6,7.4,8.7,24),(229,'2025-12-22','일',0.1,0.3,7.6,8.9,-1,2.9,0.2,2.5,2,4.1,25),(230,'2025-12-22','일',0.5,0.7,10.9,11.2,0.8,4.7,0.2,0.4,2.2,5.4,26),(231,'2025-12-22','일',0.5,1,13.8,14.2,3.1,9,0.2,1,3.5,5.1,27),(232,'2025-12-22','일',1,1.2,14.4,14.8,5,5.7,0.2,0.4,6.4,8.2,28),(233,'2025-12-22','일',0.4,0.5,14.2,14.6,2.7,10.6,0.2,0.4,3.7,6.3,29),(234,'2025-12-22','일',0.7,0.9,12.6,12.7,2.8,6.8,0.2,0.2,3,6.9,30),(235,'2025-12-22','일',1.2,1.3,14.9,15.3,4.3,10,0.4,2.5,5.8,9,31),(236,'2025-12-22','일',0.6,0.8,13.5,13.6,4.7,10,0.2,0.2,3.1,11.7,32),(237,'2025-12-22','일',0.9,1,11.9,12.9,1.8,9.2,0.2,2.3,4.4,8,33),(238,'2025-12-22','일',0.7,1,13.1,13.3,3.6,7.2,0.2,0.2,4,8.4,34),(239,'2025-12-23','일',0.6,0.7,13.9,14.3,12,14.5,0.2,1.4,3.8,7.6,1),(240,'2025-12-23','일',1.3,1.4,15.7,16.6,13.1,16.7,0.2,0.8,5.2,9.1,2),(241,'2025-12-23','일',0.7,1.1,14.5,14.7,12,13.7,0.4,1,2.4,9,3),(242,'2025-12-23','일',0.1,0.1,7.6,7.8,7.9,12.4,0.2,1,4.3,7.6,4),(243,'2025-12-23','일',0.1,0.3,6.9,7.6,5.5,9.7,0.2,0.8,3.8,5.7,5),(244,'2025-12-23','일',0.7,0.8,17.9,18,14,15.5,0.2,0.8,1.1,7.4,6),(245,'2025-12-23','일',0.4,0.6,10.9,10.9,5,11.1,0.2,0.2,0.5,5,7),(246,'2025-12-23','일',0.7,0.8,12.3,12.8,8.1,10.5,0.4,0.4,3.2,6.8,8),(247,'2025-12-23','일',0.2,0.8,10.1,10.8,5.8,9.8,0.2,3.1,3.6,4.6,9),(248,'2025-12-23','일',0.2,0.7,9.4,10,6,10.6,0.2,1.4,3.5,7.1,10),(249,'2025-12-23','일',0.8,1.1,14.8,15.5,11.9,13.7,0.2,1.7,2.6,9.2,11),(250,'2025-12-23','일',0.8,1,15.2,15.8,11.9,13.8,0.4,2.1,3.1,9.1,12),(251,'2025-12-23','일',0.7,1,14,14.5,12.1,14,0.2,1.2,3,9.6,13),(252,'2025-12-23','일',0.2,0.5,8.9,10.3,8.7,14.4,0.2,3.1,4.7,7.5,14),(253,'2025-12-23','일',0.2,0.2,18.3,18.6,10.8,15.4,0.2,0.4,1,4.3,15),(254,'2025-12-23','일',0.3,0.6,9.7,9.9,8.9,12.2,0.2,1.2,4.8,10,16),(255,'2025-12-23','일',0.6,0.8,12.9,13.1,10.8,13.1,0.2,2.7,4.4,8.4,17),(256,'2025-12-23','일',0.8,1,19.4,19.7,12.6,14.9,0.2,0.4,1.2,3.8,18),(257,'2025-12-23','일',1,1.2,18.1,18.4,13.9,15.9,0.2,2.1,3.4,6.9,19),(258,'2025-12-23','일',0.1,0.2,7.7,8,7.3,11.5,0.2,0.4,2.4,5.8,20),(259,'2025-12-23','일',0.6,0.9,10,11.5,11.7,13.9,0.4,1.6,2,6.5,21),(260,'2025-12-23','일',0.3,0.6,11.3,11.8,3.5,8.4,0.2,0.2,0.1,2.3,22),(261,'2025-12-23','일',0.4,0.7,10.7,10.8,8.7,11.6,0.2,1.4,6.4,10.9,23),(262,'2025-12-23','일',1.2,1.4,13.7,14,12.6,14.8,0.2,1.7,5.2,9,24),(263,'2025-12-23','일',0.1,0.7,7.5,8.7,5.6,9.2,0.2,2.5,4,7,25),(264,'2025-12-23','일',0.4,0.6,11.5,11.8,4.7,8.9,0.2,0.4,0.8,1.9,26),(265,'2025-12-23','일',1.1,1.5,13.9,14,11.4,13.4,0.2,1.2,3,6.2,27),(266,'2025-12-23','일',0.9,1,14.1,14.4,8.5,10.8,0.2,0.6,6.5,8,28),(267,'2025-12-23','일',0.6,0.9,14.4,14.8,11.4,13.3,0.2,0.8,4,8.3,29),(268,'2025-12-23','일',0.7,0.9,12.7,12.7,8.7,11,0.2,0.2,3.1,6.7,30),(269,'2025-12-23','일',0.6,0.9,15.1,15.6,13.6,14.9,0.4,2.5,5.2,9.5,31),(270,'2025-12-23','일',0.6,0.8,13.6,13.7,11,12.2,0.2,0.2,4.8,7.1,32),(271,'2025-12-23','일',0.5,0.7,11.9,13.2,12.9,14,0.2,2.3,6.4,9.8,33),(272,'2025-12-23','일',0.8,0.9,13,13.1,10.5,11.8,0.2,0.2,4.7,9.1,34),(273,'2025-12-24','일',2.7,3.2,13.7,14,5.2,8.5,0.2,1.9,13.6,14.2,1),(274,'2025-12-24','일',1.9,2.2,15.9,16.5,5.3,9.8,0.2,0.6,9.7,11,2),(275,'2025-12-24','일',0.7,1.1,14.6,14.8,5.5,10,0.2,0.4,6.9,9.5,3),(276,'2025-12-24','일',1.7,1.9,7.7,7.8,3,6.7,0.2,1,12.8,13.9,4),(277,'2025-12-24','일',1.4,1.6,6.8,7.4,-0.1,2,0.2,0.6,12,13.7,5),(278,'2025-12-24','일',2,2.7,17.6,18.1,6.7,11,0.2,0.8,12.4,12.9,6),(279,'2025-12-24','일',0.7,0.9,10.6,10.7,-0.4,3.7,0.2,0.2,6.9,14.3,7),(280,'2025-12-24','일',0.6,0.8,11.6,11.8,0.2,6.1,0.2,0.2,3.1,15.7,8),(281,'2025-12-24','일',1.7,1.9,9.7,10.5,0.5,2.5,0.2,2.5,12.3,13,9),(282,'2025-12-24','일',1.4,1.5,9.4,9.8,0.8,3.7,0.2,1.2,12.1,13.4,10),(283,'2025-12-24','일',0.8,1,14.5,15,4.2,10.2,0.2,1.6,6.6,8,11),(284,'2025-12-24','일',0.5,0.7,15,15.1,4.6,10.5,0.2,1,8.4,10,12),(285,'2025-12-24','일',0.8,1.1,13.6,14.3,5.2,10.9,0.2,1,8.9,10.7,13),(286,'2025-12-24','일',2.1,2.2,9,10.1,2.9,6.8,0.2,2.1,11.9,12.6,14),(287,'2025-12-24','일',2,2.6,18.8,18.9,5.5,10.1,0.2,0.2,9.9,13,15),(288,'2025-12-24','일',2.5,2.7,9.8,9.9,2.6,6,0.2,1.2,13.5,13.7,16),(289,'2025-12-24','일',2.8,3.2,12.7,13,4.8,7.9,0.2,2.1,12.8,13.9,17),(290,'2025-12-24','일',0.7,0.8,18.3,19.2,8.6,12.8,0.2,0.4,2.7,4.4,18),(291,'2025-12-24','일',1.6,2.2,18,18.2,5.7,10.7,0.4,1.7,12.3,13.6,19),(292,'2025-12-24','일',1.8,2,7.8,7.9,2.5,6,0.2,0.4,12.9,13.5,20),(293,'2025-12-24','일',1.2,1.3,10.6,11.2,2.3,7.7,0.4,1.6,9.3,11.6,21),(294,'2025-12-24','일',0.7,0.8,10.3,10.4,-0.8,3,0.2,0.2,2.7,11.9,22),(295,'2025-12-24','일',2.5,2.6,10.7,10.7,1.9,4.5,0.4,1.4,13.5,13.9,23),(296,'2025-12-24','일',1.6,1.8,13.2,13.6,4.9,9.6,0.4,1.2,11.6,12.5,24),(297,'2025-12-24','일',1.4,1.6,7.3,8.2,-2.1,0.5,0.4,1.9,10.2,11.2,25),(298,'2025-12-24','일',0.8,0.9,10.6,11,0.2,3.3,0.2,0.4,4.8,11.2,26),(299,'2025-12-24','일',1.6,1.8,14.1,14.3,4.3,9.4,0.2,1,4.9,9.4,27),(300,'2025-12-24','일',1.2,1.7,11.6,13.3,4.7,10.9,0.2,0.4,7.2,11.9,28),(301,'2025-12-24','일',0.4,0.6,14.4,14.5,4.3,9.6,0.2,0.4,7.3,10.1,29),(302,'2025-12-24','일',0.5,0.7,12.1,12.3,1.6,7.7,0.2,0.2,3.4,11.1,30),(303,'2025-12-24','일',1.9,2.2,15.2,15.7,5.3,9.6,0.6,1.9,12.4,14.1,31),(304,'2025-12-24','일',0.3,0.5,13.2,13.5,2.8,8.7,0.2,0.4,7,9.8,32),(305,'2025-12-24','일',2,2.1,12.1,13.2,4.3,8.6,0.2,1.9,9.5,11.2,33),(306,'2025-12-24','일',0.4,0.7,12.1,12.6,1.8,7.9,0.2,0.2,0.7,11.3,34),(307,'2025-12-25','일',1.2,1.9,13.8,14,4.5,5.4,0.2,1.4,8,9.4,1),(308,'2025-12-25','일',1.2,1.4,15.6,15.8,2.9,6.3,0.2,0.6,6.7,7.7,2),(309,'2025-12-25','일',0.5,0.7,13.8,14.2,1.3,6,0.2,0.6,7.7,10.3,3),(310,'2025-12-25','일',0.6,1,7.3,7.5,0.1,3.6,0.2,0.8,6.7,8.3,4),(311,'2025-12-25','일',0.3,0.6,6.4,7,-1.8,1.9,0.2,0.8,2.4,7.7,5),(312,'2025-12-25','일',1.3,1.8,18.3,18.3,3.9,6.7,0.2,0.6,8,8.5,6),(313,'2025-12-25','일',0.5,0.8,10.4,10.5,0.2,3.8,0.2,0.2,6.3,7.9,7),(314,'2025-12-25','일',0.6,1,11.5,11.7,0.1,5.3,0.2,0.2,3.2,7.8,8),(315,'2025-12-25','일',0.4,0.9,9.3,10,-0.1,4.1,0.4,2.7,3.4,8,9),(316,'2025-12-25','일',0.3,0.8,8.9,9.2,-1.1,2.9,0.2,1,4,7.2,10),(317,'2025-12-25','일',0.3,0.5,14.5,14.6,0.4,5.9,0.2,1.6,5.8,7.2,11),(318,'2025-12-25','일',0.3,0.6,14.6,14.7,2.8,7.6,0.2,1.2,3.7,6.2,12),(319,'2025-12-25','일',0.3,0.6,13.1,13.9,1,6.3,0.2,1,8.6,11.2,13),(320,'2025-12-25','일',0.8,1.3,8.5,9.4,2.6,4.1,0.4,2.1,7,8.7,14),(321,'2025-12-25','일',1.1,1.6,18,18.1,3.9,5.9,0.2,0.6,7.7,9.5,15),(322,'2025-12-25','일',0.7,1.4,9.8,9.9,1.7,3.7,0.2,1.4,5.5,7.7,16),(323,'2025-12-25','일',1,1.8,12.7,12.8,4.1,5.2,0.2,2.1,7.7,9.6,17),(324,'2025-12-25','일',0.7,0.8,18.7,19,7.3,10.6,0.2,0.4,0.8,3.8,18),(325,'2025-12-25','일',1.3,1.6,17.8,18.2,3.9,6.5,0.2,1.6,9.7,11.7,19),(326,'2025-12-25','일',0.5,1,7.3,7.4,-0.2,3.4,0.2,0.4,4.5,7.3,20),(327,'2025-12-25','일',0.6,0.8,10,10.6,-0.8,4,0.4,1.6,7.5,9,21),(328,'2025-12-25','일',0.4,0.8,10.8,10.9,-0.2,3,0.2,0.2,3.2,6.8,22),(329,'2025-12-25','일',0.6,1.3,10.5,10.6,1.4,4.2,0.2,1.2,4.2,8.5,23),(330,'2025-12-25','일',0.9,1.2,11.6,12.2,3.1,6.9,0.4,1.4,3.7,7.8,24),(331,'2025-12-25','일',0.3,0.6,6.9,8,-2.8,1.5,0.4,2.1,1.7,6.7,25),(332,'2025-12-25','일',0.4,0.8,10.8,10.9,0.5,3.7,0.2,0.4,4.6,7.2,26),(333,'2025-12-25','일',0.8,1.1,13.9,14,1.9,7.3,0.2,1.2,4.2,5.1,27),(334,'2025-12-25','일',1,1.8,13,13.4,3.2,6.2,0.2,0.4,0.4,5.3,28),(335,'2025-12-25','일',0.7,0.9,13.9,14.1,-0.4,5.7,0.2,0.4,6.3,10.5,29),(336,'2025-12-25','일',0.7,1,11.9,12.1,0.8,6.5,0.2,0.2,2.1,7,30),(337,'2025-12-25','일',1,1.4,15.1,15.3,2.9,5.4,0.4,1.9,8.8,10.1,31),(338,'2025-12-25','일',0.3,0.8,12.8,12.9,1.1,5.9,0.2,0.4,2.7,6.9,32),(339,'2025-12-25','일',0.8,1.2,11.9,12.7,2.5,4.6,0.2,1.7,6.6,7.7,33),(340,'2025-12-25','일',0.7,1.1,11.8,12.1,1.8,6.6,0.2,0.2,0.8,8.5,34),(341,'2025-12-19','오전',0.3,0.4,11.9,12.3,10.8,11.5,0.2,0.4,4.7,6.3,35),(342,'2025-12-19','오후',0.2,0.4,12,12.3,11.3,13,0.2,0.4,4.8,8.2,35),(343,'2025-12-19','오전',0.3,0.3,11.3,11.7,8.9,9.4,0.2,0.4,6.2,11.4,36),(344,'2025-12-19','오후',0.2,0.3,11.2,11.7,9.4,11.2,0.2,0.4,3.9,11.2,36),(345,'2025-12-19','오전',0.2,0.4,17.9,18.2,14.1,15.4,0.2,1,2,7,37),(346,'2025-12-19','오후',0.2,0.5,18,18.2,15.4,15.9,0.2,1,4.2,7.4,37),(347,'2025-12-19','오전',0.2,0.4,10.1,11,10.6,11.4,0.2,2.5,3.5,5.1,38),(348,'2025-12-19','오후',0.4,0.4,10.7,11.6,11.4,11.8,0.2,2.3,3.1,5.4,38),(349,'2025-12-19','오전',0.5,0.7,13.4,15,13.7,14.9,1,1.4,3.2,6.7,39),(350,'2025-12-19','오후',0.5,0.7,13.7,15.3,14.6,15.1,0.6,1.4,2.5,6.8,39),(351,'2025-12-19','오전',0.7,0.8,9.9,10.8,8.8,9.8,0.2,2.3,5.9,7.6,40),(352,'2025-12-19','오후',0.8,1.2,10.5,11.8,9.6,10.5,0.4,3.3,6.1,7.9,40),(353,'2025-12-19','오전',0.3,0.7,10.4,10.8,9.8,10.3,0.4,1,6.1,8,41),(354,'2025-12-19','오후',0.2,0.9,10.6,11.1,10.4,11.1,0.6,1.7,6.1,8.6,41),(355,'2025-12-19','오전',0.4,0.4,15.4,15.9,11,12.6,0.4,0.6,6,8.2,42),(356,'2025-12-19','오후',0.4,0.6,15.6,16,13.1,15.3,0.4,0.6,3.6,10.1,42),(357,'2025-12-19','오전',0.4,0.6,6.2,7.7,4.8,9,0.2,1.6,4.4,7.1,43),(358,'2025-12-19','오후',0.5,0.9,6.5,9.4,8.4,10.1,0.2,1.9,4.5,7.4,43),(359,'2025-12-19','오전',0.4,0.4,14,14.2,10.5,12.6,0.2,0.6,5.7,9.6,44),(360,'2025-12-19','오후',0.4,0.6,14.1,14.2,12.9,14.5,0.2,0.8,8.5,10.6,44),(361,'2025-12-19','오전',0.1,0.1,14.6,15.4,7.4,14.3,0.2,1.2,0.4,2.2,45),(362,'2025-12-19','오후',0.1,0.6,14.8,15.7,10.2,16.2,0.2,1.6,2.9,4.6,45),(363,'2025-12-19','오전',0.1,0.3,14.5,16.4,7.6,13.7,0.2,1.6,1.9,5.4,46),(364,'2025-12-19','오후',0.1,0.7,14.5,16.7,9.6,14.9,0.4,1.4,1,6,46),(365,'2025-12-20','오전',0.1,0.5,11.8,12.2,13.4,14.1,0.2,0.4,7.9,9.1,35),(366,'2025-12-20','오후',0.1,0.5,12,12.3,11.7,13.6,0.2,0.4,5.4,9.7,35),(367,'2025-12-20','오전',0.3,0.5,11,11.3,11,12.5,0.2,0.8,4.3,8.2,36),(368,'2025-12-20','오후',0.4,0.7,10.9,11.3,9.9,11.2,0.2,0.6,5.8,9.4,36),(369,'2025-12-20','오전',0.1,0.3,18.3,18.6,15.2,15.9,0.2,0.4,0.6,4.1,37),(370,'2025-12-20','오후',0.1,0.4,18.5,18.8,12.5,15.5,0.2,1.4,0.8,10.5,37),(371,'2025-12-20','오전',0.3,0.3,10.2,11,10.9,11.7,0.2,2.5,0.2,6.4,38),(372,'2025-12-20','오후',0.3,1.8,10.6,11.4,8.3,10.8,0.2,2.5,6.6,12.5,38),(373,'2025-12-20','오전',0.4,0.4,13.4,14.8,14.2,15.2,0.8,1.4,0.2,4.2,39),(374,'2025-12-20','오후',0.4,0.5,13.9,14.9,10.7,14.5,0.2,1.7,2.2,11.5,39),(375,'2025-12-20','오전',0.7,0.9,9.8,10.8,6.9,8.3,0.2,2.3,6.5,9,40),(376,'2025-12-20','오후',0.8,1.3,10.1,11.7,4.2,7.2,0.2,3.3,9.2,10.3,40),(377,'2025-12-20','오전',0.3,1,10.5,11,7.4,9.8,0.6,1.2,5.7,10.2,41),(378,'2025-12-20','오후',1.1,1.8,10.6,11,5.7,7.5,0.6,1.6,9.9,11.9,41),(379,'2025-12-20','오전',0.6,0.8,15.2,16,13.9,15.6,0.2,0.8,3.3,6.7,42),(380,'2025-12-20','오후',0.6,0.7,15.4,16.2,15.1,16.4,0.4,0.8,2.7,9.2,42),(381,'2025-12-20','오전',0.5,0.7,6.4,8.1,6.1,7.5,0.2,1.7,4.6,7,43),(382,'2025-12-20','오후',0.7,1.1,6.4,9.5,2,7.5,0.2,1.9,6,8.4,43),(383,'2025-12-20','오전',0.7,0.8,13.6,14.1,13.3,14.8,0.2,0.6,6.7,10,44),(384,'2025-12-20','오후',0.6,0.8,13.8,14.2,14.5,15.4,0.2,0.6,2.3,9.4,44),(385,'2025-12-20','오전',0.1,0.4,14.6,15.7,11.1,17.1,0.2,1.2,0.2,4.4,45),(386,'2025-12-20','오후',0.1,0.3,15.1,15.8,13.5,16.3,0.2,1.6,2.7,4.8,45),(387,'2025-12-20','오전',0.4,0.5,15.1,17.1,10.9,16.4,0.2,1.9,3.2,5.5,46),(388,'2025-12-20','오후',0.4,0.5,14.8,17.3,12.8,16,0.2,2.1,1.8,5.4,46),(389,'2025-12-21','오전',0.5,1.9,11.2,12.3,2.7,3.6,0.2,0.6,11.7,16.9,35),(390,'2025-12-21','오후',1.1,2,11.2,13.1,3.6,4.4,0.2,0.8,8.8,10.5,35),(391,'2025-12-21','오전',1.1,1.8,10.2,10.4,1.9,2.6,0.2,0.4,10.2,13.9,36),(392,'2025-12-21','오후',1.6,1.9,10.2,10.6,2.4,2.9,0.2,0.4,11,12.8,36),(393,'2025-12-21','오전',2.2,2.4,18.3,18.6,5.5,6.2,0.2,1.4,11.2,12.7,37),(394,'2025-12-21','오후',1.9,2.2,18.1,18.6,4.9,5.9,0.2,1,10.8,12.1,37),(395,'2025-12-21','오전',2.4,2.5,9.9,10.5,4.2,4.4,0.2,1.9,12.1,12.6,38),(396,'2025-12-21','오후',1.9,2.4,10,10.8,3.2,4.2,0.2,2.1,9.7,12.1,38),(397,'2025-12-21','오전',1.2,1.3,13.3,14.8,5.3,6,0.4,1.6,11.2,12.8,39),(398,'2025-12-21','오후',1.1,1.3,13.9,14.8,4.4,5.6,0.4,1.7,10.7,12,39),(399,'2025-12-21','오전',1.2,1.7,9.3,10.5,-0.9,-0.5,0.2,3.1,9.2,11.8,40),(400,'2025-12-21','오후',0.8,1.4,9.3,11.4,-0.1,0.9,0.4,3.5,7.1,9,40),(401,'2025-12-21','오전',1.9,2.2,10.1,10.6,1.2,1.8,0.8,1.7,10.2,11.8,41),(402,'2025-12-21','오후',1.5,1.8,10.1,10.7,1.4,2.2,0.6,1.4,7.6,9.9,41),(403,'2025-12-21','오전',1,1.3,15,15.6,4.1,5.8,0.2,0.4,11.6,15.1,42),(404,'2025-12-21','오후',1.1,1.3,14.9,15.7,5.1,7.4,0.2,0.2,9.1,11.8,42),(405,'2025-12-21','오전',1,1.4,5.9,7.7,-4.1,-1.9,0.2,1.9,6.6,8.5,43),(406,'2025-12-21','오후',0.7,1.1,5.9,9,-3.3,-0.7,0.4,1.9,3.2,7.9,43),(407,'2025-12-21','오전',1.4,1.7,12.9,13.4,4.4,4.9,0.2,0.4,11.8,13.3,44),(408,'2025-12-21','오후',1.8,2.6,12.8,13.3,5.1,6.2,0.2,0.4,7.8,14.1,44),(409,'2025-12-21','오전',0.1,0.8,14.6,15.3,1.7,2.7,0.2,1,4.2,7.3,45),(410,'2025-12-21','오후',0.1,0.9,14.7,15.1,-1.1,4.8,0.2,1.2,2.4,7,45),(411,'2025-12-21','오전',0.4,0.7,14.9,17.1,-0.2,1.2,0.2,1.7,3,9.1,46),(412,'2025-12-21','오후',0.4,0.7,14.3,17.1,-2.1,3.5,0.2,1.7,2.3,8.5,46),(413,'2025-12-22','일',0.6,0.8,11.4,12.6,4.7,7.1,0.2,0.8,3,7.3,35),(414,'2025-12-22','일',0.4,0.7,10.3,11.8,3.1,5.3,0.2,1,6.1,8.5,36),(415,'2025-12-22','일',0.7,0.9,17.6,18,4.3,10.1,0.2,1.4,5.6,9,37),(416,'2025-12-22','일',0.8,0.9,9.5,10.4,3.6,6.5,0.2,2.3,5.1,10,38),(417,'2025-12-22','일',1.1,1.2,13.4,15,2.7,9.4,0.2,1.6,4.6,10.3,39),(418,'2025-12-22','일',0.1,0.3,8.9,11.2,-0.2,4.1,0.2,3.5,3.4,6.7,40),(419,'2025-12-22','일',0.4,0.5,9.8,10.4,2.1,5.4,0.4,1.7,4.5,7.3,41),(420,'2025-12-22','일',0.9,1.1,15.1,15.5,7.3,9.7,0.2,0.6,4.9,12.1,42),(421,'2025-12-22','일',0.1,0.3,5.5,8.7,-5,3.2,0.2,2.1,1.8,5.4,43),(422,'2025-12-22','일',0.7,0.9,13.1,13.6,5.7,8.5,0.2,0.6,1.3,9.2,44),(423,'2025-12-22','일',0.5,0.9,14,14.7,-0.2,8.1,0.2,1.4,1,3.7,45),(424,'2025-12-22','일',0.4,0.5,14.2,16.6,-0.2,7.4,0.2,1.7,1.4,5.3,46),(425,'2025-12-23','일',0.5,0.7,11.1,12.3,8.9,11.9,0.2,0.4,1.8,11.4,35),(426,'2025-12-23','일',0.3,0.6,10.5,12,7.5,9.4,0.2,0.8,0.1,3.6,36),(427,'2025-12-23','일',0.2,0.2,17.5,18.4,13.6,14.9,0.2,1.2,4.9,9.5,37),(428,'2025-12-23','일',0.2,0.6,9.3,10.3,9.2,12.2,0.2,2.9,5.5,10.4,38),(429,'2025-12-23','일',0.6,0.9,13.6,15.2,13.2,14.7,0.2,1.9,6.1,9.7,39),(430,'2025-12-23','일',0.2,0.8,8.8,10.9,7.6,9.3,0.2,3.5,5.6,9.2,40),(431,'2025-12-23','일',0.5,1,9.6,10.2,8.5,10.6,0.4,1.7,6.8,11.5,41),(432,'2025-12-23','일',0.9,1.1,15,15.7,10.9,12.6,0.2,1.2,4.5,8.4,42),(433,'2025-12-23','일',0.1,0.8,5.5,8.5,3.6,8.2,0.2,2.1,2.6,8.9,43),(434,'2025-12-23','일',0.7,0.8,12.9,13.3,10.6,12.1,0.2,0.4,7.4,11.6,44),(435,'2025-12-23','일',1.1,1.5,14.2,14.6,9.1,13.1,0.2,1.6,2.1,6.1,45),(436,'2025-12-23','일',0.8,1.1,14,15.8,6.6,11.2,0.2,1.9,1.1,6.3,46),(437,'2025-12-24','일',0.8,1,10,10.8,3.9,6.1,0.2,0.8,14.4,16.4,35),(438,'2025-12-24','일',0.8,0.9,10.5,10.9,1.1,5.2,0.2,0.6,17,19.5,36),(439,'2025-12-24','일',2,2.4,18.1,19.2,5.3,9.7,0.2,1,12.3,14.1,37),(440,'2025-12-24','일',2.6,2.8,9.3,10.1,3.2,6.4,0.2,2.5,13.1,13.9,38),(441,'2025-12-24','일',2,2.3,13.5,15.1,4.8,9.3,0.2,1.4,12.1,14.3,39),(442,'2025-12-24','일',1.6,1.8,8.6,10.2,-1.3,0.3,0.2,3.3,12.5,14,40),(443,'2025-12-24','일',2.4,2.7,9.5,10.1,0.8,3,0.6,1.7,13.2,13.9,41),(444,'2025-12-24','일',0.6,0.6,14.6,15,4.1,9.7,0.2,0.4,11.8,14.4,42),(445,'2025-12-24','일',1.4,1.6,5.4,7.9,-4.4,-1.3,0.2,2.1,7.4,11.7,43),(446,'2025-12-24','일',0.7,0.8,12.5,12.9,4.7,9.4,0.2,0.6,6.8,13.9,44),(447,'2025-12-24','일',1.6,1.8,14.1,14.5,1.5,8.2,0.2,1.2,3.3,8.4,45),(448,'2025-12-24','일',0.8,1,14,15.4,-0.5,7.7,0.2,1.6,0.6,9.2,46),(449,'2025-12-25','일',0.5,0.9,10,10.3,3.5,4.6,0.2,0.8,6.4,11.9,35),(450,'2025-12-25','일',0.4,0.8,10.4,11.2,2.4,4.2,0.2,0.4,10.6,15.2,36),(451,'2025-12-25','일',1.1,1.5,18.1,18.5,2.8,5.7,0.2,1.4,8.6,10.1,37),(452,'2025-12-25','일',0.9,1.6,8.9,9.7,2.7,4.4,0.2,2.3,6.3,8.9,38),(453,'2025-12-25','일',0.9,1.4,12.7,14.5,2,5.1,0.2,1.4,7.8,9.9,39),(454,'2025-12-25','일',0.4,0.8,8.2,10,-1.8,5.1,0.2,3.3,1.9,8.7,40),(455,'2025-12-25','일',0.5,1.1,8.9,9.6,0.3,5.2,0.4,1.6,3.6,9.2,41),(456,'2025-12-25','일',0.5,1.2,14.4,14.9,2.8,6.8,0.2,0.6,6,11.9,42),(457,'2025-12-25','일',0.3,0.6,4.9,7.6,-7,3.2,0.2,1.9,0.7,4.6,43),(458,'2025-12-25','일',0.7,1.1,11.8,13.1,3.6,6.7,0.2,0.6,5.3,11.2,44),(459,'2025-12-25','일',0.8,1.1,13.8,14.2,-1.5,5.6,0.2,1.2,1.8,5.8,45),(460,'2025-12-25','일',0.3,0.5,13.7,15.2,-2.2,4.4,0.2,1.6,1.7,6.3,46);
/*!40000 ALTER TABLE `weather` ENABLE KEYS */;
UNLOCK TABLES;
/*!40103 SET TIME_ZONE=@OLD_TIME_ZONE */;

/*!40101 SET SQL_MODE=@OLD_SQL_MODE */;
/*!40014 SET FOREIGN_KEY_CHECKS=@OLD_FOREIGN_KEY_CHECKS */;
/*!40014 SET UNIQUE_CHECKS=@OLD_UNIQUE_CHECKS */;
/*!40101 SET CHARACTER_SET_CLIENT=@OLD_CHARACTER_SET_CLIENT */;
/*!40101 SET CHARACTER_SET_RESULTS=@OLD_CHARACTER_SET_RESULTS */;
/*!40101 SET COLLATION_CONNECTION=@OLD_COLLATION_CONNECTION */;
/*!40111 SET SQL_NOTES=@OLD_SQL_NOTES */;

-- Dump completed on 2025-12-21 21:39:21
